,City,District,Neighborhood,İlan no,Son Güncelleme Tarihi,Oda + Salon Sayısı,Brüt / Net M2,Bulunduğu Kat,Bina Yaşı,Isınma Tipi,Kat Sayısı,Krediye Uygunluk,Eşya Durumu,Banyo Sayısı,Yapı Tipi,Yapının Durumu,Tapu Durumu,Site İçerisinde,Yakıt Tipi,Yetkili Ofis,Metro İstasyonu,Durak (Otobüs),Durak (Minibüs),Otogar,Hastane,Acil Servis,Aile Sağlığı Merkezi,Sağlık Kurumları/Diğer,Üniversite,Üniversite Kampüs,İlkokul,Lise,Zincir Marketler,Bakkal/Market,Alışveriş Merkezi,Şarküteri,Rent,Kullanım Durumu,Takas,Kira Getirisi,Aidat,Cephe,Havaalanı,Gar,Poliklinik,Yüksek Okul/Akademi,Ortaokul,Gıda Satış Noktaları,Kapalı Alan M2,Açık Alan M2,Bina Sayısı,Tren İstasyonu/Şehiriçi,Tren İstasyonu/Şehirlerarası,Veteriner,Kreş/Gündüz Bakımevi
0,Ankara,Çankaya,Kırkkonaklar,129908-377,10-05-2023,3 + 1,170 m2,3. Kat,23 Yaşında,Merkezi,8 Katlı,Uygun,Eşyalı Değil,1,Betonarme,İkinci El,Kat Mülkiyeti,Evet (Site Adı Belirtilmemiş),Doğalgaz,Evet,"4,9 km",103 m,2 km,"7,5 km","1,4 km","1,4 km",389 m,430 m,3 km,5 km,556 m,296 m,155 m,215 m,"1,8 km",663 m,4.550.000 TL,,,,,,,,,,,,,,,,,,
1,Ankara,Mamak,Altıağaç,129908-378,10-05-2023,3 + 1,120 m2,11. Kat,3 Yaşında,Kombi,11 Katlı,Uygun,Eşyalı Değil,1,Betonarme,,Kat Mülkiyeti,,Doğalgaz,Evet,3 km,223 m,"2,7 km","6,6 km",486 m,477 m,292 m,"1,2 km","4,6 km","3,5 km",423 m,185 m,78 m,49 m,"3,5 km",104 m,1.950.000 TL,Boş,,,,,,,,,,,,,,,,,
2,Ankara,Keçiören,Etlik,135726-48,10-05-2023,2 + 1,110 m2,8. Kat,25 Yaşında,Merkezi,10 Katlı,Uygun,Eşyalı Değil,1,Betonarme,İkinci El,Kat Mülkiyeti,,Doğalgaz,Evet,"2,7 km",57 m,"1,5 km","2,1 km",9 m,9 m,441 m,505 m,"1,5 km","1,2 km",80 m,357 m,48 m,88 m,"1,7 km",88 m,1.995.000 TL,Boş,Hayır,12.000 TL,,,,,,,,,,,,,,,
3,Ankara,Çankaya,Şehit Cevdet Özdemir,112014-448,10-05-2023,4 + 1,170 m2,En Üst Kat,20 Yaşında,Kombi,2 Katlı,Uygun,Eşyalı Değil,2,Betonarme,İkinci El,Kat Mülkiyeti,,Doğalgaz,Evet,"4,1 km",127 m,292 m,"4,8 km",459 m,892 m,557 m,656 m,"2,6 km","6,2 km",249 m,514 m,272 m,76 m,2 km,268 m,3.190.000 TL,Boş,Hayır,15.000 TL,50 TL,"Güney, Batı",,,,,,,,,,,,,
4,Ankara,Çankaya,Ayrancı,16814-7018,10-05-2023,3 + 1,125 m2,Bahçe Katı,40 Yaşında,Merkezi,4 Katlı,Uygun,Eşyalı Değil,1,Betonarme,Sıfır,Kat Mülkiyeti,,Doğalgaz,Evet,"1,7 km",141 m,"2,2 km","3,5 km",899 m,899 m,261 m,312 m,1 km,"3,5 km",557 m,120 m,329 m,29 m,"1,5 km",283 m,2.350.000 TL,Kiracılı,Hayır,4.000 TL,800 TL,"Güney, Doğu, Batı",,,,,,,,,,,,,
5,Ankara,Keçiören,Etlik,119539-145,10-05-2023,4 + 1,150 m2,2. Kat,13 Yaşında,Kombi,7 Katlı,Uygun,Eşyalı Değil,1,Betonarme,İkinci El,Kat Mülkiyeti,,Doğalgaz,Evet,"3,1 km",60 m,"1,4 km",3 km,1 km,1 km,363 m,887 m,"1,5 km","1,4 km",286 m,229 m,40 m,59 m,"1,8 km",69 m,2.650.000 TL,Boş,Evet,12.000 TL,,"Güney, Doğu",,,,,,,,,,,,,
6,Ankara,Gölbaşı,Velihimmetli,130612-31,10-05-2023,10 + 1,600 m2,,7 Yaşında,Kombi,2 Katlı,Uygun,Eşyalı Değil,3,Betonarme,İkinci El,,,Doğalgaz,,,69 m,"17,1 km",,"15,9 km","16,6 km","7,2 km","16,7 km","15,1 km","16,3 km",62 m,"12,2 km","6,1 km",90 m,"16,7 km","13,5 km",13.000.000 TL,Boş,Evet,,,"Güney, Doğu",,,,,,,,,,,,,
7,Ankara,Çankaya,Bahçelievler,133559-62,10-05-2023,2 + 1,80 m2,Giriş Katı,30 Yaşında,Kombi,3 Katlı,Uygun,Eşyalı,1,Betonarme,İkinci El,Kat Mülkiyeti,,Doğalgaz,Evet,"1,8 km",140 m,781 m,,"1,3 km","1,2 km",400 m,"1,2 km","1,7 km","1,9 km",290 m,278 m,156 m,42 m,"1,6 km",239 m,2.599.000 TL,Kiracılı,Hayır,10.000 TL,100 TL,Batı,"18,3 km",,,,,,,,,,,,
8,Ankara,Polatlı,Cumhuriyet,137574-123,09-05-2023,3 + 1,135 m2,En Üst Kat,27 Yaşında,Kombi,4 Katlı,Uygun,Eşyalı Değil,1,Betonarme,İkinci El,,,Doğalgaz,,,23 m,217 m,"1,1 km",846 m,847 m,340 m,,,,279 m,229 m,74 m,40 m,"1,3 km",73 m,710.000 TL,Mülk Sahibi,Hayır,,,,,"3,2 km",444 m,"2,2 km",435 m,,,,,,,,
9,Ankara,Çankaya,Naci Çakır,2744-13577,09-05-2023,3 + 1,130 m2,2. Kat,22 Yaşında,Kombi,2 Katlı,Uygun,Eşyalı Değil,1,Betonarme,Sıfır,Kat Mülkiyeti,,Doğalgaz,Evet,"4,3 km",56 m,"1,3 km","5,6 km",540 m,549 m,659 m,884 m,"2,1 km","6,1 km",24 m,651 m,29 m,154 m,"1,3 km",137 m,2.340.000 TL,Boş,Evet,12.000 TL,70 TL,"Güney, Doğu",,,,,,,,,,,,,
10,Ankara,Çankaya,Emek,1170-5708,09-05-2023,4 + 1,150 m2,4. Kat,35 Yaşında,Merkezi,4 Katlı,Uygun,Eşyalı Değil,1,Betonarme,Sıfır,Kat Mülkiyeti,,Doğalgaz,Evet,631 m,331 m,"2,7 km",1 km,486 m,714 m,450 m,390 m,"1,4 km",2 km,350 m,230 m,122 m,139 m,"1,8 km",120 m,3.900.000 TL,Boş,Hayır,,,"Kuzey, Doğu, Batı",,,,,,,,,,,,,
11,Ankara,Etimesgut,Bağlıca,136681-1,09-05-2023,4 + 1,210 m2,1. Kat,Sıfır Bina,Merkezi (Pay Ölçer),21 Katlı,Uygun,Eşyalı Değil,2,Betonarme,Yapım Aşamasında,Kat İrtifakı,,Doğalgaz,Evet,"5,4 km",49 m,"5,8 km","16,5 km","4,2 km",6 km,382 m,"2,2 km","2,6 km","8,7 km",347 m,399 m,359 m,"1,9 km","4,7 km",52 m,4.950.000 TL,Boş,Evet,10.000 TL,,"Kuzey, Güney, Doğu, Batı",,,,,,,,,,,,,
12,Ankara,Çankaya,Metin Oktay,1170-5723,09-05-2023,2 + 1,70 m2,Kot 1,35 Yaşında,Kombi,2 Katlı,Uygun,Eşyalı Değil,1,,İkinci El,Kat Mülkiyeti,,Doğalgaz,Evet,2 km,60 m,"2,2 km","5,4 km",782 m,562 m,519 m,1 km,"1,7 km","2,2 km",166 m,207 m,111 m,57 m,"1,3 km",159 m,1.000.000 TL,Boş,Hayır,,,"Kuzey, Doğu",,,,,,,,,,,,,
13,Ankara,Keçiören,Karakaya,101486-2022,09-05-2023,3 + 1,135 m2,3. Kat,5 Yaşında,Kombi,3 Katlı,Uygun değil,Eşyalı Değil,1,Betonarme,İkinci El,Kat Mülkiyeti,,Doğalgaz,Evet,"5,9 km",131 m,"1,3 km",,"4,3 km","1,8 km",214 m,"4,3 km",6 km,6 km,414 m,739 m,140 m,158 m,"3,9 km",78 m,2.089.000 TL,Boş,Evet,7.000 TL,100 TL,"Güney, Doğu, Batı","14,7 km",,,,,,,,,,,,
14,Ankara,Etimesgut,Yeni Bağlıca,133559-64,09-05-2023,5 + 1,220 m2,,Sıfır Bina,Kombi,3 Katlı,Bilinmiyor,Eşyalı Değil,2,Betonarme,Sıfır,Kat İrtifakı,"06 Ankara Konutları (Ankara, Etimesgut, Yeni Bağlıca)",Doğalgaz,Evet,"6,1 km",90 m,"5,6 km","17,1 km","4,8 km","6,6 km",613 m,"2,8 km","3,2 km","8,2 km",623 m,440 m,360 m,"2,5 km","5,3 km",476 m,4.250.000 TL,Boş,Evet,20.000 TL,500 TL,"Doğu, Batı",,,,,,,,,,,,,
15,Ankara,Keçiören,Etlik,16354-23865,09-05-2023,5 + 2,280 m2,3. Kat,10 Yaşında,Kombi,3 Katlı,Uygun,Eşyalı Değil,2,Betonarme,İkinci El,Kat Mülkiyeti,,Doğalgaz,,"3,1 km",78 m,"1,3 km","2,9 km",815 m,815 m,239 m,750 m,"1,6 km","1,3 km",73 m,53 m,98 m,84 m,"1,8 km",92 m,2.790.000 TL,Boş,Evet,,,,,,,,,,,,,,,,
16,Ankara,Polatlı,Cumhuriyet,137574-135,10-05-2023,4 + 1,150 m2,Ara Kat,16 Yaşında,Kombi,4 Katlı,Uygun,Eşyalı Değil,1,Betonarme,İkinci El,Kat Mülkiyeti,,Doğalgaz,,,23 m,217 m,"1,1 km",846 m,847 m,340 m,,,,279 m,229 m,74 m,40 m,"1,3 km",73 m,1.449.000 TL,Mülk Sahibi,Hayır,,,,,"3,2 km",444 m,"2,2 km",435 m,,,,,,,,
17,Ankara,Keçiören,Ovacık,135949-11,08-05-2023,5 + 1,320 m2,1. Kat,1 Yaşında,Kombi,5 Katlı,Uygun,Eşyalı Değil,1,Betonarme,İkinci El,Kat Mülkiyeti,,Doğalgaz,,"3,2 km",112 m,"2,6 km",,"2,5 km","2,3 km",632 m,"2,4 km","2,1 km","3,3 km",452 m,464 m,838 m,709 m,655 m,876 m,2.699.000 TL,Boş,Evet,16.000 TL,,"Kuzey, Güney, Doğu, Batı","17,8 km",,,,,,,,,,,,
18,Ankara,Gölbaşı,Kızılcaşar,3855-8,08-05-2023,3 + 1,169 m2,10. Kat,4 Yaşında,Merkezi (Pay Ölçer),22 Katlı,Uygun,Eşyalı Değil,2,,,Kat Mülkiyeti,Bulvar Loft Konutları,Doğalgaz,Evet,"7,3 km",253 m,"3,9 km","11,9 km",1 km,"1,3 km",963 m,"5,2 km","1,9 km",754 m,474 m,1 km,345 m,368 m,371 m,"1,4 km",5.250.000 TL,Kiracılı,Hayır,20.000 TL,,"Güney, Doğu, Batı",,,,,,,,,,,,,
19,Ankara,Gölbaşı,Taşpınar,3855-10,08-05-2023,1 + 1,65 m2,Yüksek Giriş,Sıfır Bina,Merkezi (Pay Ölçer),4 Katlı,Uygun,Eşyalı Değil,1,Betonarme,Sıfır,Kat Mülkiyeti,,Doğalgaz,Evet,"8,3 km",173 m,"4,5 km","10,5 km",3 km,"3,1 km",462 m,"4,2 km","3,8 km","2,9 km",674 m,"1,2 km",1 km,199 m,"2,7 km",773 m,1.800.000 TL,Boş,Hayır,10.000 TL,,"Kuzey, Güney, Batı",,,,,,,,,,,,,
20,Ankara,Çankaya,Harbiye,95616-231,08-05-2023,4 + 1,170 m2,En Üst Kat,25 Yaşında,Kombi,3 Katlı,Uygun,Eşyalı Değil,1,Betonarme,İkinci El,Kat Mülkiyeti,,Doğalgaz,Evet,"2,3 km",210 m,"2,2 km","3,6 km","1,7 km","1,7 km",135 m,263 m,"1,7 km","4,3 km",210 m,272 m,47 m,111 m,"1,7 km",114 m,3.275.000 TL,Mülk Sahibi,Hayır,12.000 TL,100 TL,Güney,,,,,,,,,,,,,
21,Ankara,Keçiören,Yayla,130429-222,08-05-2023,3 + 1,140 m2,En Üst Kat,8 Yaşında,Kombi,3 Katlı,Uygun,Eşyalı Değil,2,Betonarme,İkinci El,,,Doğalgaz,Evet,"3,4 km",97 m,"1,6 km",,2 km,2 km,227 m,"1,8 km",483 m,"2,3 km",300 m,329 m,157 m,44 m,"2,6 km",153 m,1.985.000 TL,,,8.000 TL,100 TL,"Kuzey, Doğu, Batı","19,9 km",,,,,,,,,,,,
22,Ankara,Keçiören,Ayvalı,130429-220,08-05-2023,3 + 1,180 m2,6. Kat,5 Yaşında,Merkezi (Pay Ölçer),12 Katlı,Uygun,Eşyalı Değil,2,Betonarme,İkinci El,Kat Mülkiyeti,,Doğalgaz,Evet,"1,6 km",89 m,"2,4 km","3,1 km","1,3 km","1,7 km",215 m,260 m,554 m,963 m,436 m,600 m,41 m,170 m,812 m,207 m,2.950.000 TL,Mülk Sahibi,Hayır,12.000 TL,200 TL,"Güney, Batı",,,,,,,,,,,,,
23,Ankara,Keçiören,Ayvalı,56586-3347,07-05-2023,3 + 1,155 m2,2. Kat,4 Yaşında,Kombi,5 Katlı,Uygun,Eşyalı Değil,2,Betonarme,İkinci El,Kat Mülkiyeti,,Doğalgaz,Evet,"2,1 km",38 m,"2,4 km","2,9 km","1,5 km","1,5 km",338 m,649 m,721 m,755 m,242 m,378 m,294 m,149 m,910 m,64 m,1.865.000 TL,Mülk Sahibi,Hayır,,,"Güney, Batı",,,,,,,,,,,,,
24,Ankara,Yenimahalle,Ragıp Tüzün,59414-3479,04-05-2023,3 + 1,140 m2,3. Kat,30 Yaşında,Merkezi,3 Katlı,Uygun,Eşyalı Değil,1,Betonarme,İkinci El,Kat Mülkiyeti,,Doğalgaz,Evet,433 m,21 m,"3,1 km","3,3 km",87 m,737 m,309 m,111 m,"1,1 km","1,7 km",419 m,237 m,166 m,48 m,315 m,43 m,1.910.000 TL,Boş,Hayır,10.000 TL,500 TL,"Güney, Batı",,,,,,,,,,,,,
25,Ankara,Çankaya,Alacaatlı,8525-54695,19-04-2023,7 + 1,550 m2,,Sıfır Bina,Kombi,3 Katlı,Uygun,Eşyalı Değil,6,Betonarme,İkinci El,Kat Mülkiyeti,,Doğalgaz,Evet,"4,1 km",204 m,"5,2 km","13,9 km","1,7 km","1,7 km",655 m,"2,3 km","4,3 km","5,5 km",154 m,153 m,519 m,313 m,"3,5 km",298 m,24.900.000 TL,Boş,Hayır,,,"Güney, Doğu, Batı",,,,,,,,,,,,,
26,Ankara,Çankaya,İlkadım,14072-12430,10-05-2023,2 + 1,115 m2,3. Kat,26 Yaşında,Kombi,3 Katlı,Uygun,Eşyalı,1,Betonarme,İkinci El,Kat Mülkiyeti,,Doğalgaz,Evet,"3,9 km",85 m,930 m,"5,1 km",485 m,486 m,514 m,820 m,"2,5 km","5,8 km",453 m,353 m,81 m,17 m,"1,4 km",52 m,1.875.000 TL,Kiracılı,Hayır,,50 TL,Doğu,,,,,,,,,,,,,
27,Ankara,Keçiören,İncirli,14431-10459,10-05-2023,3 + 1,120 m2,2. Kat,30 Yaşında,Kombi,2 Katlı,Uygun,Eşyalı Değil,1,Betonarme,İkinci El,Kat Mülkiyeti,,Doğalgaz,Evet,2 km,43 m,"1,6 km",,698 m,698 m,250 m,590 m,"1,1 km","1,8 km",179 m,150 m,18 m,108 m,"1,9 km",125 m,1.358.000 TL,Mülk Sahibi,Hayır,,,Güney,"19,7 km",,,,,,,,,,,,
28,Ankara,Pursaklar,Saray Fatih,2703-19253,03-05-2023,4 + 1,190 m2,10. Kat,2 Yaşında,Kombi,12 Katlı,Uygun,Eşyalı Değil,2,Betonarme,Sıfır,Kat İrtifakı,,Doğalgaz,Evet,"10,1 km",156 m,4 km,,"4,4 km","4,2 km","1,1 km","5,6 km",6 km,"5,9 km",524 m,788 m,567 m,387 m,"10,2 km",590 m,2.590.000 TL,Boş,Evet,,,"Kuzey, Batı",7 km,,,,,,,,,,,,
29,Ankara,Etimesgut,Bağlıca,28888-1001,10-05-2023,4 + 1,175 m2,5. Kat,Sıfır Bina,Merkezi (Pay Ölçer),10 Katlı,Uygun,Eşyalı Değil,2,Betonarme,Sıfır,Kat Mülkiyeti,,Doğalgaz,,"5,1 km",108 m,"5,8 km",16 km,4 km,"5,8 km",815 m,"1,8 km","2,3 km","8,8 km",775 m,863 m,591 m,"1,5 km","4,2 km",492 m,3.399.000 TL,Boş,,12.000 TL,,"Kuzey, Güney, Doğu, Batı",,,,,,,,,,,,,
30,Ankara,Etimesgut,Bağlıca,28888-1063,10-05-2023,4 + 1,210 m2,7. Kat,9 Yaşında,Merkezi (Pay Ölçer),8 Katlı,Uygun,Eşyalı Değil,2,Betonarme,İkinci El,Kat Mülkiyeti,,Doğalgaz,Evet,"5,1 km",110 m,"5,8 km",16 km,4 km,"5,8 km",817 m,"1,8 km","2,3 km","8,8 km",778 m,865 m,592 m,"1,5 km","4,2 km",494 m,4.199.000 TL,Mülk Sahibi,,18.000 TL,,"Kuzey, Batı",,,,,,,,,,,,,
31,Ankara,Etimesgut,Bağlıca,28888-1044,10-05-2023,4 + 1,190 m2,1. Kat,5 Yaşında,Kombi,7 Katlı,Uygun,Eşyalı Değil,2,Betonarme,İkinci El,Kat Mülkiyeti,,Doğalgaz,Evet,"5,1 km",112 m,"5,7 km",16 km,4 km,"5,8 km",820 m,"1,8 km","2,3 km","8,8 km",780 m,867 m,594 m,"1,5 km","4,2 km",496 m,4.170.000 TL,Kiracılı,,12.000 TL,500 TL,"Kuzey, Doğu, Batı",,,,,,,,,,,,,
32,Ankara,Etimesgut,Bağlıca,86972-1813,10-05-2023,4 + 1,195 m2,2. Kat,6 Yaşında,Merkezi (Pay Ölçer),11 Katlı,Uygun,Eşyalı Değil,2,Betonarme,İkinci El,Kat Mülkiyeti,,Doğalgaz,Evet,"3,6 km",172 m,"6,2 km","14,4 km","3,2 km","4,8 km",802 m,217 m,"1,2 km","7,5 km",190 m,177 m,152 m,135 m,"2,7 km",213 m,4.490.000 TL,Mülk Sahibi,Hayır,16.000 TL,600 TL,"Güney, Doğu, Batı",,,,,,,,,,,,,
33,Ankara,Çankaya,Keklik Pınarı,6575-587,11-04-2023,3 + 1,135 m2,Ara Kat,7 Yaşında,Kombi,4 Katlı,Uygun,Eşyalı Değil,2,,,,,,Evet,,,,,,,,,,,,,,,,,1.750.000 TL,,Hayır,4.000 TL,100 TL,"Kuzey, Doğu",,,,,,,,,,,,,
34,Ankara,Etimesgut,Yeni Bağlıca,123854-88,10-05-2023,2 + 1,100 m2,Ara Kat,Sıfır Bina,Merkezi,14 Katlı,Uygun değil,Eşyalı Değil,2,Betonarme,Sıfır,Kat İrtifakı,Evet (Site Adı Belirtilmemiş),Elektrik,Evet,"4,5 km",420 m,"4,8 km","14,6 km","4,4 km","4,4 km","1,3 km","1,6 km","2,9 km",8 km,354 m,262 m,332 m,1 km,"3,5 km","1,5 km",3.050.000 TL,Boş,Hayır,,,"Güney, Batı",,,,,,,,,,,,,
35,Ankara,Etimesgut,Yeni Bağlıca,123854-87,10-05-2023,3 + 1,115 m2,Yüksek Giriş,Sıfır Bina,Merkezi,14 Katlı,Uygun değil,Eşyalı Değil,2,Betonarme,Sıfır,Kat İrtifakı,Evet (Site Adı Belirtilmemiş),Elektrik,Evet,"4,5 km",435 m,"4,8 km","14,6 km","4,4 km","4,4 km","1,3 km","1,6 km","2,9 km",8 km,358 m,248 m,320 m,1 km,"3,5 km","1,5 km",4.000.000 TL,Boş,Hayır,,,"Güney, Batı",,,,,,,,,,,,,
36,Ankara,Çankaya,Balgat,17796-417,10-05-2023,3 + 1,120 m2,2. Kat,Sıfır Bina,Kombi,4 Katlı,Uygun,Eşyalı Değil,2,Betonarme,Yapım Aşamasında,,,Doğalgaz,,708 m,131 m,"2,7 km","1,1 km",53 m,245 m,304 m,211 m,"1,1 km","3,7 km",156 m,68 m,404 m,171 m,380 m,343 m,3.500.000 TL,Boş,Hayır,,,,,,,,,,,,,,,,
37,Ankara,Etimesgut,Bağlıca,86972-1749,03-05-2023,4 + 1,190 m2,2. Kat,Sıfır Bina,Yerden Isıtma,14 Katlı,Uygun,Eşyalı Değil,3,Betonarme,Sıfır,Kat Mülkiyeti,,Doğalgaz,Evet,"3,6 km",170 m,"6,2 km","14,4 km","3,2 km","4,8 km",805 m,206 m,"1,2 km","7,5 km",186 m,173 m,160 m,143 m,"2,7 km",217 m,4.500.000 TL,Boş,Evet,14.000 TL,,"Kuzey, Güney, Doğu",,,,,,,,,,,,,
38,Ankara,Etimesgut,Bağlıca,86972-1820,09-05-2023,4 + 1,175 m2,2. Kat,Sıfır Bina,Merkezi (Pay Ölçer),10 Katlı,Uygun,Eşyalı Değil,2,Betonarme,Sıfır,Kat Mülkiyeti,,Doğalgaz,Evet,"3,6 km",177 m,"6,2 km","14,4 km","3,2 km","4,8 km",798 m,217 m,"1,2 km","7,5 km",194 m,181 m,149 m,139 m,"2,7 km",218 m,4.400.000 TL,Boş,Evet,16.000 TL,,"Kuzey, Güney, Doğu",,,,,,,,,,,,,
39,Ankara,Çankaya,İlkbahar,14041-5889,10-05-2023,1 + 1,90 m2,2. Kat,10 Yaşında,Merkezi,10 Katlı,Uygun,Eşyalı,1,,İkinci El,Kat Mülkiyeti,,Doğalgaz,Evet,"7,5 km",718 m,"2,3 km","8,7 km","1,4 km","1,4 km",585 m,487 m,"1,3 km","7,9 km",60 m,61 m,155 m,149 m,147 m,155 m,3.800.000 TL,Kiracılı,Evet,15.000 TL,,Batı,,,,,,,,,,,,,
40,Ankara,Yenimahalle,Demetevler,14041-5908,10-05-2023,3 + 1,140 m2,10. Kat,26 Yaşında,Merkezi (Pay Ölçer),13 Katlı,Uygun,Eşyalı Değil,1,,,Kat Mülkiyeti,Havacılar Sitesi,,,686 m,97 m,"3,1 km","5,5 km",571 m,226 m,59 m,318 m,"1,5 km","3,9 km",349 m,446 m,287 m,157 m,1 km,141 m,2.550.000 TL,Kiracılı,Hayır,,1.2 TL,"Güney, Doğu",,,,,,,,,,,,,
41,Ankara,Çankaya,Cevizlidere,3240-13489,10-05-2023,3 + 1,130 m2,2. Kat,18 Yaşında,Kombi,4 Katlı,Uygun,Eşyalı Değil,1,Betonarme,İkinci El,Kat Mülkiyeti,,Doğalgaz,,3 km,43 m,678 m,"3,9 km",1 km,"1,8 km",163 m,77 m,"1,8 km","6,2 km",281 m,523 m,41 m,122 m,673 m,277 m,3.249.000 TL,Kiracılı,Hayır,,100 TL,"Güney, Doğu",,,,,,,,,,,,,
42,Ankara,Keçiören,Aşağı Eğlence,135726-50,10-05-2023,2 + 1,100 m2,Kot 1,25 Yaşında,Kombi,2 Katlı,Uygun,Eşyalı Değil,1,Betonarme,İkinci El,Kat Mülkiyeti,,Doğalgaz,Evet,"2,3 km",41 m,"1,7 km","1,7 km",394 m,394 m,567 m,625 m,"1,1 km","1,4 km",311 m,305 m,66 m,109 m,"1,9 km",75 m,1.279.000 TL,Boş,Hayır,7.500 TL,50 TL,,,,,,,,,,,,,,
43,Ankara,Keçiören,Esertepe,120870-523,10-05-2023,3 + 1,125 m2,Giriş Katı,4 Yaşında,Kombi,4 Katlı,Uygun,Eşyalı Değil,1,Betonarme,İkinci El,Kat Mülkiyeti,,Doğalgaz,Evet,"1,7 km",158 m,283 m,,"1,4 km","1,4 km",223 m,"1,2 km","1,8 km","1,8 km",322 m,272 m,149 m,40 m,"1,7 km",277 m,1.210.000 TL,Belirtilmemiş,Hayır,6.000 TL,50 TL,Güney,"18,6 km",,,,,,,,,,,,
44,Ankara,Keçiören,Yayla,5116-726,10-05-2023,3 + 1,130 m2,2. Kat,Sıfır Bina,Kombi,3 Katlı,Uygun,Eşyalı Değil,1,Betonarme,Sıfır,Kat Mülkiyeti,,Doğalgaz,Evet,"2,7 km",12 m,822 m,,"1,5 km","1,5 km",410 m,"1,2 km",1 km,"2,2 km",116 m,684 m,46 m,103 m,"2,6 km",192 m,2.199.000 TL,Boş,Evet,7.500 TL,70 TL,"Güney, Doğu, Batı","19,4 km",,,,,,,,,,,,
45,Ankara,Keçiören,Ovacık,5116-909,10-05-2023,4 + 1,210 m2,Giriş Katı,2 Yaşında,Merkezi (Pay Ölçer),16 Katlı,Uygun,Eşyalı Değil,2,Betonarme,İkinci El,Kat Mülkiyeti,,Doğalgaz,Evet,"3,6 km",214 m,"2,7 km",,"2,8 km","2,7 km",969 m,"2,7 km","1,9 km","3,7 km",134 m,128 m,533 m,643 m,347 m,"1,3 km",3.750.000 TL,Kiracılı,Evet,12.000 TL,600 TL,"Güney, Doğu, Batı","18,1 km",,,,,,,,,,,,
46,Ankara,Etimesgut,Şeyh Şamil,14936-2064,30-04-2023,3 + 1,135 m2,10. Kat,25 Yaşında,Kombi,11 Katlı,Uygun,Eşyalı Değil,1,Betonarme,İkinci El,Kat Mülkiyeti,,Doğalgaz,Evet,"1,5 km",101 m,"5,2 km","17,7 km","3,2 km",3 km,353 m,"2,1 km","7,5 km",9 km,299 m,669 m,328 m,431 m,"1,2 km",334 m,2.350.000 TL,Mülk Sahibi,Hayır,7.000 TL,80 TL,"Güney, Doğu",,,,,,,,,,,,,
47,Ankara,Çankaya,Mutlukent,46578-470,09-05-2023,3 + 1,135 m2,5. Kat,30 Yaşında,Merkezi,5 Katlı,Uygun,,1,,,Kat Mülkiyeti,,,Evet,,,,,,,,,,,,,,,,,3.000.000 TL,Mülk Sahibi,,10.000 TL,800 TL,Güney,,,,,,,,,,,,,
48,Ankara,Çankaya,Mutlukent,46578-477,09-05-2023,4 + 1,250 m2,,30 Yaşında,Kombi,2 Katlı,Uygun,,1,,,,,,Evet,"1,1 km",100 m,4 km,"9,5 km",703 m,697 m,"1,1 km",518 m,"4,6 km","2,4 km",333 m,194 m,124 m,264 m,94 m,243 m,6.000.000 TL,Kiracılı,Hayır,17.000 TL,350 TL,"Doğu, Batı",,,,,,,,,,,,,
49,Ankara,Sincan,Andiçen,69365-3998,10-05-2023,3 + 1,130 m2,4. Kat,21 Yaşında,Kombi,4 Katlı,Uygun,Eşyalı Değil,1,,Betonarme,Kat Mülkiyeti,,Doğalgaz,,"3,2 km",165 m,691 m,"19,5 km",507 m,485 m,185 m,"1,1 km","8,6 km","3,6 km",65 m,384 m,174 m,50 m,882 m,290 m,1.229.000 TL,Mülk Sahibi,Hayır,7.000 TL,30 TL,"Güney, Doğu",,,,,,,,,,,,,
50,Ankara,Çankaya,Cevizlidere,6675-8460,10-05-2023,4 + 1,180 m2,3. Kat,12 Yaşında,Kombi,8 Katlı,Uygun,,2,,,Kat Mülkiyeti,,Doğalgaz,Evet,"2,7 km",7 m,882 m,"3,5 km",810 m,"1,7 km",299 m,440 m,"1,4 km","5,8 km",213 m,533 m,156 m,209 m,591 m,540 m,4.000.000 TL,,,,,"Güney, Doğu",,,,,,,,,,,,,
51,Ankara,Etimesgut,Topçu,16407-10350,10-05-2023,3 + 1,110 m2,Ara Kat,17 Yaşında,Kombi,3 Katlı,Uygun,Eşyalı Değil,1,Betonarme,İkinci El,Kat Mülkiyeti,,Doğalgaz,Evet,"3,2 km",121 m,"1,5 km","17,1 km",985 m,520 m,248 m,737 m,"6,2 km","5,9 km",54 m,296 m,103 m,23 m,"1,7 km",338 m,1.390.000 TL,Kiracılı,Hayır,6.000 TL,50 TL,"Kuzey, Batı",,,,,,,,,,,,,
52,Ankara,Keçiören,Yükseltepe,5116-913,10-05-2023,3 + 1,130 m2,Giriş Katı,4 Yaşında,Kombi,3 Katlı,Uygun,Eşyalı Değil,1,Betonarme,İkinci El,Kat Mülkiyeti,,Doğalgaz,Evet,"4,2 km",181 m,179 m,"6,2 km","3,6 km","4,3 km","1,1 km","2,1 km",2 km,"4,2 km",341 m,"1,1 km",140 m,68 m,"2,5 km",373 m,1.549.000 TL,Mülk Sahibi,Evet,5.000 TL,70 TL,"Güney, Doğu, Batı",,,,,,,,,,,,,
53,Ankara,Keçiören,Ovacık,16354-23910,10-05-2023,3 + 1,179 m2,11. Kat,Sıfır Bina,Merkezi (Pay Ölçer),14 Katlı,Uygun,Eşyalı Değil,2,Betonarme,Sıfır,Kat Mülkiyeti,,Doğalgaz,,"3,1 km",157 m,"2,3 km",,"2,4 km","2,3 km",554 m,"2,3 km","1,8 km","3,2 km",165 m,243 m,903 m,598 m,780 m,895 m,3.250.000 TL,Boş,Evet,,,"Güney, Batı",18 km,,,,,,,,,,,,
54,Ankara,Keçiören,Sancaktepe,16354-23872,10-05-2023,7 + 1,285 m2,3. Kat,Sıfır Bina,Kombi,3 Katlı,Uygun,Eşyalı Değil,2,Betonarme,Sıfır,,,Doğalgaz,,"3,4 km",223 m,959 m,"4,6 km","2,7 km","2,7 km",259 m,"1,7 km",943 m,"2,6 km",320 m,627 m,106 m,102 m,"2,7 km",247 m,2.249.000 TL,Boş,Evet,,,"Kuzey, Güney, Doğu, Batı",,,,,,,,,,,,,
55,Ankara,Keçiören,Etlik,16354-23928,10-05-2023,3 + 1,135 m2,1. Kat,2 Yaşında,Kombi,3 Katlı,Uygun,Eşyalı Değil,1,Betonarme,,Kat Mülkiyeti,,Doğalgaz,,3 km,129 m,"1,6 km",3 km,1 km,1 km,261 m,794 m,"1,6 km","1,3 km",314 m,281 m,149 m,46 m,"1,7 km",174 m,2.650.000 TL,Boş,Evet,,,"Güney, Batı",,,,,,,,,,,,,
56,Ankara,Çankaya,Şehit Cengiz Karaca,22114-2593,10-05-2023,3 + 1,145 m2,3. Kat,15 Yaşında,Kombi,4 Katlı,Uygun,Eşyalı Değil,2,Betonarme,İkinci El,Kat Mülkiyeti,,Doğalgaz,Evet,"4,1 km",132 m,385 m,"4,8 km",623 m,934 m,416 m,466 m,"2,7 km","6,4 km",132 m,607 m,84 m,224 m,"1,8 km",152 m,3.150.000 TL,Mülk Sahibi,Hayır,8.000 TL,100 TL,"Güney, Batı",,,,,,,,,,,,,
57,Ankara,Çankaya,İlkadım,22114-2592,10-05-2023,3 + 1,125 m2,Kot 1,28 Yaşında,Kombi,5 Katlı,Uygun,Eşyalı Değil,2,Betonarme,İkinci El,Kat Mülkiyeti,,Doğalgaz,Evet,"3,1 km",134 m,"1,5 km","4,3 km","1,3 km","1,3 km",146 m,183 m,"1,9 km",5 km,239 m,315 m,84 m,185 m,"1,3 km",209 m,2.649.000 TL,Boş,Hayır,9.000 TL,65 TL,"Kuzey, Doğu",,,,,,,,,,,,,
58,Ankara,Çankaya,Harbiye,22114-2591,10-05-2023,3 + 1,130 m2,3. Kat,30 Yaşında,Merkezi,3 Katlı,Uygun,Eşyalı Değil,1,Betonarme,İkinci El,Kat Mülkiyeti,,Doğalgaz,Evet,"3,4 km",137 m,"1,1 km","4,4 km",1 km,1 km,243 m,326 m,"2,4 km","5,4 km",282 m,365 m,33 m,74 m,"1,6 km",7 m,2.450.000 TL,Boş,Hayır,13.000 TL,600 TL,"Kuzey, Doğu",,,,,,,,,,,,,
59,Ankara,Çankaya,Mürsel Uluç,22114-2590,10-05-2023,4 + 1,225 m2,3. Kat,18 Yaşında,Kombi,3 Katlı,Uygun,Eşyalı Değil,2,Betonarme,İkinci El,Kat Mülkiyeti,,Doğalgaz,Evet,"5,5 km",59 m,805 m,"6,3 km","1,2 km",640 m,791 m,765 m,"1,5 km","7,6 km",162 m,743 m,171 m,118 m,"1,8 km",378 m,2.250.000 TL,Mülk Sahibi,Hayır,10.000 TL,50 TL,"Güney, Doğu, Batı",,,,,,,,,,,,,
60,Ankara,Çankaya,Naci Çakır,22114-2589,10-05-2023,3 + 1,125 m2,Kot 1,30 Yaşında,Kombi,3 Katlı,Uygun,Eşyalı Değil,1,Betonarme,İkinci El,Kat Mülkiyeti,,Doğalgaz,Evet,"4,5 km",211 m,"1,1 km","5,7 km",349 m,357 m,461 m,"1,1 km","1,9 km","6,3 km",63 m,529 m,221 m,54 m,"1,6 km",253 m,1.550.000 TL,Mülk Sahibi,Hayır,10.000 TL,50 TL,"Güney, Doğu",,,,,,,,,,,,,
61,Ankara,Çankaya,Öveçler,22114-2588,10-05-2023,2 + 1,110 m2,1. Kat,25 Yaşında,Kombi,3 Katlı,Uygun,Eşyalı,1,Betonarme,İkinci El,Kat Mülkiyeti,,Doğalgaz,Evet,"3,2 km",302 m,"1,3 km",4 km,"1,3 km","1,5 km",111 m,565 m,"2,1 km","5,3 km",277 m,422 m,335 m,55 m,"1,8 km",299 m,1.450.000 TL,Boş,Hayır,7.000 TL,50 TL,"Güney, Doğu",,,,,,,,,,,,,
62,Ankara,Mamak,Şafaktepe,121128-1914,10-05-2023,3 + 1,110 m2,Kot 3,20 Yaşında,Kombi,3 Katlı,Uygun,Eşyalı Değil,1,Betonarme,İkinci El,Kat Mülkiyeti,,Doğalgaz,Evet,925 m,383 m,"2,1 km","4,2 km",493 m,620 m,155 m,492 m,"2,7 km","1,6 km",203 m,484 m,395 m,15 m,"3,4 km",348 m,680.000 TL,Kiracılı,Hayır,,,Güney,,,,,,,,,,,,,
63,Ankara,Keçiören,Bağlarbaşı,136607-30,10-05-2023,3 + 1,125 m2,1. Kat,10 Yaşında,Kombi,4 Katlı,Uygun,Eşyalı Değil,1,Betonarme,İkinci El,Kat Mülkiyeti,,Doğalgaz,Evet,746 m,139 m,"1,7 km",,"1,2 km","1,3 km",299 m,561 m,"3,6 km",2 km,341 m,590 m,42 m,107 m,"1,4 km",183 m,1.850.000 TL,Kiracılı,Hayır,5.000 TL,50 TL,"Kuzey, Batı","16,9 km",,,,,,,,,,,,
64,Ankara,Keçiören,Uyanış,136607-10,10-05-2023,3 + 1,115 m2,2. Kat,3 Yaşında,Kombi,4 Katlı,Uygun,Eşyalı Değil,2,,İkinci El,Kat Mülkiyeti,,Doğalgaz,Evet,717 m,58 m,629 m,,499 m,290 m,294 m,"1,2 km","4,3 km","1,3 km",73 m,574 m,120 m,60 m,"1,1 km",178 m,1.800.000 TL,Kiracılı,Hayır,,80 TL,Güney,16 km,,,,,,,,,,,,
65,Ankara,Pursaklar,Merkez,66315-1535,10-05-2023,4 + 1,195 m2,3. Kat,2 Yaşında,Merkezi,15 Katlı,Uygun,Eşyalı Değil,2,Betonarme,İkinci El,Kat Mülkiyeti,,Doğalgaz,Evet,"4,5 km",37 m,"1,4 km",,"1,4 km",321 m,244 m,244 m,"7,3 km","5,1 km",321 m,379 m,66 m,29 m,"4,6 km",199 m,2.650.000 TL,Boş,Hayır,10.000 TL,,,"12,4 km",,,,,,,,,,,,
66,Ankara,Mamak,Şahintepe,44716-8411,10-05-2023,3 + 1,135 m2,Yüksek Giriş,11 Yaşında,Kombi,3 Katlı,Uygun,Eşyalı Değil,1,Betonarme,İkinci El,Kat Mülkiyeti,,Doğalgaz,Evet,"3,5 km",89 m,"1,4 km","7,5 km",668 m,666 m,417 m,"1,6 km","4,6 km","3,7 km",338 m,827 m,114 m,84 m,"2,8 km",252 m,1.499.000 TL,Mülk Sahibi,Hayır,8.000 TL,60 TL,"Güney, Batı",,,,,,,,,,,,,
67,Ankara,Çankaya,Bahçelievler,8450-1731,10-05-2023,3 + 1,150 m2,2. Kat,25 Yaşında,Kombi,4 Katlı,Uygun,Eşyalı Değil,1,Betonarme,İkinci El,Kat Mülkiyeti,,Doğalgaz,Evet,464 m,99 m,"2,5 km","1,6 km",283 m,325 m,518 m,372 m,893 m,"1,6 km",186 m,180 m,85 m,158 m,"1,7 km",187 m,4.000.000 TL,Kiracılı,Hayır,15.000 TL,150 TL,"Kuzey, Doğu, Batı",,,,,,,,,,,,,
68,Ankara,Etimesgut,Yeşilova,8450-1730,10-05-2023,3 + 1,130 m2,8. Kat,Sıfır Bina,Merkezi (Pay Ölçer),23 Katlı,Uygun,Eşyalı Değil,2,Betonarme,Sıfır,Kat Mülkiyeti,,Doğalgaz,Evet,"1,8 km",271 m,"2,9 km",17 km,"1,5 km","1,4 km",855 m,754 m,"6,1 km","6,8 km",699 m,688 m,635 m,453 m,242 m,755 m,3.450.000 TL,Boş,Hayır,15.000 TL,1.050 TL,"Kuzey, Doğu",,,,,,,,,,,,,
69,Ankara,Çankaya,Mürsel Uluç,20629-748,10-05-2023,3 + 1,125 m2,Yüksek Giriş,15 Yaşında,Kombi,4 Katlı,Uygun,Eşyalı Değil,1,Betonarme,İkinci El,,,Doğalgaz,Evet,"5,6 km",116 m,860 m,"6,4 km","1,2 km",888 m,869 m,"1,1 km","1,2 km","7,5 km",380 m,489 m,147 m,231 m,"1,8 km",104 m,2.350.000 TL,,Hayır,,,"Kuzey, Doğu",,,,,,,,,,,,,
70,Ankara,Kahramankazan,Atatürk,117931-7,08-05-2023,4 + 1,165 m2,5. Kat,5 Yaşında,Kombi,5 Katlı,Uygun,Eşyalı Değil,2,,,Kat Mülkiyeti,,,,,305 m,,"1,3 km",772 m,759 m,408 m,"17,9 km",,,621 m,228 m,94 m,68 m,,127 m,1.850.000 TL,Kiracılı,Hayır,,50 TL,"Güney, Doğu, Batı",,,,2 km,596 m,"3,3 km",,,,,,,
71,Ankara,Keçiören,Yükseltepe,64542-13015,09-05-2023,3 + 1,145 m2,2. Kat,5 Yaşında,Kombi,6 Katlı,Uygun,Eşyalı Değil,2,Betonarme,İkinci El,Kat Mülkiyeti,,Doğalgaz,Evet,"4,9 km",234 m,953 m,,"4,3 km","4,1 km","1,3 km","2,8 km","1,9 km","4,5 km",489 m,763 m,715 m,192 m,"1,7 km",854 m,1.649.000 TL,Boş,Evet,7.000 TL,100 TL,"Güney, Doğu","19,7 km",,,,,,,,,,,,
72,Ankara,Yenimahalle,Çiğdemtepe,64542-13010,02-05-2023,4 + 1,165 m2,2. Kat,Sıfır Bina,Kombi,10 Katlı,Uygun,Eşyalı Değil,1,Betonarme,Sıfır,Kat Mülkiyeti,Evet (Site Adı Belirtilmemiş),Doğalgaz,Evet,"2,7 km",174 m,445 m,"5,9 km","2,5 km",3 km,448 m,704 m,"2,5 km","3,7 km",252 m,283 m,137 m,70 m,"3,5 km",431 m,2.390.000 TL,Boş,Evet,10.000 TL,100 TL,"Güney, Doğu",,,,,,,,,,,,,
73,Ankara,Etimesgut,Bağlıca,28888-956,09-05-2023,4 + 1,185 m2,2. Kat,1 Yaşında,Kombi,7 Katlı,Uygun,Eşyalı Değil,2,Betonarme,İkinci El,Kat Mülkiyeti,,Doğalgaz,Evet,"5,1 km",110 m,"5,8 km",16 km,4 km,"5,8 km",818 m,"1,8 km","2,3 km","8,8 km",778 m,865 m,592 m,"1,5 km","4,2 km",494 m,4.190.000 TL,Kiracılı,,9.000 TL,,"Güney, Batı",,,,,,,,,,,,,
74,Ankara,Çankaya,Öveçler,3240-13504,10-05-2023,3 + 1,140 m2,Ara Kat,15 Yaşında,Kombi,4 Katlı,Uygun,Eşyalı Değil,1,,,Kat Mülkiyeti,,,Evet,"3,2 km",24 m,"1,3 km","3,9 km","1,3 km","1,6 km",281 m,844 m,"1,9 km","5,4 km",85 m,359 m,218 m,117 m,"1,5 km",39 m,3.825.000 TL,Boş,,15.000 TL,100 TL,,,,,,,,,,,,,,
75,Ankara,Etimesgut,Bağlıca,136681-3,10-05-2023,4 + 1,215 m2,2. Kat,Sıfır Bina,Merkezi (Pay Ölçer),21 Katlı,Uygun,Eşyalı Değil,2,Betonarme,Yapım Aşamasında,Kat İrtifakı,,Doğalgaz,Evet,"5,4 km",42 m,"5,8 km","16,5 km","4,2 km",6 km,388 m,"2,2 km","2,6 km","8,7 km",353 m,407 m,360 m,"1,9 km","4,7 km",58 m,5.280.000 TL,Boş,Evet,10.000 TL,,"Kuzey, Güney",,,,,,,,,,,,,
76,Ankara,Çankaya,Öveçler,3240-13504,10-05-2023,3 + 1,140 m2,Ara Kat,15 Yaşında,Kombi,4 Katlı,Uygun,Eşyalı Değil,1,,,Kat Mülkiyeti,,,Evet,"3,2 km",24 m,"1,3 km","3,9 km","1,3 km","1,6 km",281 m,844 m,"1,9 km","5,4 km",85 m,359 m,218 m,117 m,"1,5 km",39 m,3.825.000 TL,Boş,,15.000 TL,100 TL,,,,,,,,,,,,,,
77,Ankara,Etimesgut,Bağlıca,136681-3,10-05-2023,4 + 1,215 m2,2. Kat,Sıfır Bina,Merkezi (Pay Ölçer),21 Katlı,Uygun,Eşyalı Değil,2,Betonarme,Yapım Aşamasında,Kat İrtifakı,,Doğalgaz,Evet,"5,4 km",42 m,"5,8 km","16,5 km","4,2 km",6 km,388 m,"2,2 km","2,6 km","8,7 km",353 m,407 m,360 m,"1,9 km","4,7 km",58 m,5.280.000 TL,Boş,Evet,10.000 TL,,"Kuzey, Güney",,,,,,,,,,,,,
78,Ankara,Etimesgut,Bağlıca,136681-2,10-05-2023,2 + 1,110 m2,1. Kat,Sıfır Bina,Merkezi (Pay Ölçer),5 Katlı,Uygun,Eşyalı Değil,2,Betonarme,Yapım Aşamasında,Kat İrtifakı,,Doğalgaz,Evet,"5,4 km",43 m,"5,8 km","16,5 km","4,2 km",6 km,387 m,"2,2 km","2,6 km","8,7 km",352 m,408 m,365 m,"1,9 km","4,7 km",62 m,4.100.000 TL,Boş,Evet,8.000 TL,,Doğu,,,,,,,,,,,,,
79,Ankara,Keçiören,Ovacık,5116-815,09-05-2023,4 + 1,210 m2,15. Kat,Sıfır Bina,Merkezi (Pay Ölçer),30 Katlı,Uygun,Eşyalı Değil,2,Betonarme,Sıfır,Kat Mülkiyeti,,Doğalgaz,Evet,"3,9 km",420 m,"2,9 km",,"3,1 km",3 km,"1,3 km",3 km,"2,4 km",4 km,392 m,389 m,323 m,591 m,275 m,"1,5 km",4.848.000 TL,Boş,Evet,10.000 TL,500 TL,"Güney, Doğu, Batı","17,8 km",,,,,,,,,,,,
80,Ankara,Keçiören,Ovacık,5116-826,09-05-2023,4 + 1,200 m2,6. Kat,Sıfır Bina,Merkezi (Pay Ölçer),17 Katlı,Uygun,Eşyalı Değil,2,Betonarme,Sıfır,Kat Mülkiyeti,,Doğalgaz,Evet,"3,4 km",134 m,"2,1 km",,"2,7 km","2,6 km","1,2 km","2,6 km","1,1 km","3,5 km",294 m,351 m,774 m,188 m,"1,1 km",891 m,3.999.000 TL,Boş,Evet,10.000 TL,350 TL,"Güney, Doğu, Batı","18,8 km",,,,,,,,,,,,
81,Ankara,Keçiören,Bağlarbaşı,45620-664,09-05-2023,4 + 2,275 m2,3. Kat,16 Yaşında,Kombi,3 Katlı,Uygun,Eşyalı Değil,2,,,Kat Mülkiyeti,,,,1 km,214 m,"1,4 km",,"1,4 km","1,4 km",307 m,"1,2 km","4,3 km",2 km,267 m,638 m,166 m,27 m,"2,2 km",319 m,2.075.000 TL,Boş,Evet,,,"Güney, Batı","16,1 km",,,,,,,,,,,,
82,Ankara,Çubuk,Barbaros,131280-19,02-03-2023,3 + 1,132 m2,,30 Yaşında,Kombi,2 Katlı,Uygun,Eşyalı Değil,1,Betonarme,İkinci El,,,Doğalgaz,,,48 m,"1,3 km",,"1,6 km","1,5 km",343 m,"12,8 km","13,7 km","1,6 km",314 m,477 m,19 m,104 m,,473 m,2.150.000 TL,Boş,Hayır,,,"Kuzey, Güney, Doğu, Batı","14,2 km",,,,,619 m,,,,,,,
83,Ankara,Çubuk,Yıldırım Beyazıt,131280-73,01-03-2023,3 + 1,122 m2,En Üst Kat,20 Yaşında,Kombi,3 Katlı,Uygun,Eşyalı Değil,1,Betonarme,İkinci El,,,Doğalgaz,,,148 m,"3,8 km",,226 m,454 m,1 km,"10,1 km","12,5 km","1,2 km",379 m,884 m,95 m,92 m,,95 m,920.000 TL,Mülk Sahibi,Hayır,,,"Güney, Batı","12,2 km",,,,,"1,6 km",,,,,,,
84,Ankara,Çubuk,Aşağıçavundur,131280-93,27-02-2023,3 + 0,130 m2,,Sıfır Bina,Soba,3 Katlı,Bilinmiyor,Eşyalı,2,Ahşap,Sıfır,Arsa,,Kömür-Odun,Evet,,"1,9 km","2,1 km",,"4,6 km","4,6 km","1,4 km","15,9 km","16,6 km","4,6 km",695 m,"2,3 km","2,9 km",961 m,,"3,3 km",1.140.000 TL,Boş,Evet,,,Güney,"17,4 km",,,,,934 m,,,,,,,
85,Ankara,Pursaklar,Mimar Sinan,3202-1323,05-05-2023,4 + 1,200 m2,10. Kat,Sıfır Bina,Merkezi (Pay Ölçer),12 Katlı,Uygun,,2,Betonarme,Sıfır,Kat Mülkiyeti,,Doğalgaz,Evet,"4,8 km",192 m,"1,2 km",,"1,2 km",926 m,811 m,811 m,"7,3 km","5,3 km",256 m,524 m,296 m,137 m,"4,7 km",808 m,3.690.000 TL,Boş,Hayır,10.000 TL,,"Güney, Doğu","12,4 km",,,,,,,,,,,,
86,Ankara,Pursaklar,Merkez,3202-1317,08-05-2023,3 + 1,170 m2,1. Kat,7 Yaşında,Merkezi (Pay Ölçer),10 Katlı,Uygun,,2,Betonarme,İkinci El,Kat Mülkiyeti,,Doğalgaz,Evet,"4,7 km",100 m,"1,3 km",,"1,3 km",457 m,137 m,137 m,"7,7 km","5,3 km",90 m,45 m,73 m,58 m,"4,8 km",209 m,2.295.000 TL,Boş,Hayır,7.500 TL,,"Güney, Doğu","12,1 km",,,,,,,,,,,,
87,Ankara,Pursaklar,Yunus Emre,3202-1266,08-05-2023,3 + 1,125 m2,1. Kat,12 Yaşında,Kombi,3 Katlı,Uygun,,1,Betonarme,İkinci El,Kat Mülkiyeti,,Doğalgaz,Evet,"4,4 km",301 m,"1,7 km",,"1,7 km",472 m,439 m,488 m,"7,6 km",5 km,151 m,250 m,271 m,113 m,"4,7 km",288 m,1.790.000 TL,Boş,Hayır,7.000 TL,,Doğu,"12,2 km",,,,,,,,,,,,
88,Ankara,Keçiören,Çaldıran,131460-117,10-05-2023,3 + 1,102 m2,Kot 1,25 Yaşında,Kombi,4 Katlı,Uygun,Eşyalı Değil,1,Betonarme,,Kat Mülkiyeti,,Doğalgaz,Evet,"1,2 km",66 m,2 km,,"1,7 km","1,7 km",396 m,533 m,"4,1 km","2,5 km",210 m,254 m,37 m,21 m,"1,5 km",135 m,1.100.000 TL,Mülk Sahibi,Hayır,7.000 TL,60 TL,"Güney, Batı","16,6 km",,,,,,,,,,,,
89,Ankara,Keçiören,Sancaktepe,5116-899,03-05-2023,3 + 1,130 m2,1. Kat,5 Yaşında,Kombi,3 Katlı,Uygun,Eşyalı Değil,1,Betonarme,İkinci El,Kat Mülkiyeti,,Doğalgaz,Evet,"3,9 km",194 m,"1,2 km",5 km,3 km,3 km,248 m,"2,1 km",731 m,"3,1 km",165 m,682 m,140 m,61 m,"2,3 km",172 m,1.849.000 TL,Mülk Sahibi,Evet,7.500 TL,70 TL,"Güney, Doğu, Batı",,,,,,,,,,,,,
90,Ankara,Keçiören,19 Mayıs,5116-785,08-05-2023,5 + 1,220 m2,Bahçe Katı,14 Yaşında,Kombi,3 Katlı,Uygun,Eşyalı Değil,2,Betonarme,İkinci El,Kat Mülkiyeti,,Doğalgaz,Evet,"1,1 km",57 m,"1,2 km",,"1,3 km",995 m,294 m,829 m,"2,2 km","1,2 km",143 m,51 m,139 m,85 m,"1,7 km",165 m,1.649.000 TL,Mülk Sahibi,Evet,8.000 TL,70 TL,"Güney, Doğu, Batı","18,4 km",,,,,,,,,,,,
91,Ankara,Keçiören,Karargahtepe,135726-38,03-05-2023,4 + 1,210 m2,3. Kat,7 Yaşında,Kombi,3 Katlı,Uygun,Eşyalı Değil,2,Betonarme,İkinci El,Kat Mülkiyeti,,Doğalgaz,Evet,794 m,199 m,"2,7 km",,821 m,"1,4 km",564 m,"1,1 km",961 m,"2,7 km",261 m,251 m,34 m,17 m,858 m,494 m,2.998.000 TL,Boş,Hayır,15.000 TL,100 TL,,"19,5 km",,,,,,,,,,,,
92,Ankara,Keçiören,Etlik,135726-39,04-05-2023,4 + 1,155 m2,2. Kat,8 Yaşında,Kombi,3 Katlı,Uygun,Eşyalı Değil,1,Betonarme,İkinci El,Kat Mülkiyeti,,Doğalgaz,Evet,"2,8 km",39 m,"1,3 km","2,4 km",257 m,257 m,288 m,333 m,"1,7 km","1,3 km",345 m,270 m,70 m,113 m,"1,8 km",130 m,2.750.000 TL,Mülk Sahibi,Evet,15.000 TL,100 TL,"Güney, Doğu, Batı",,,,,,,,,,,,,
93,Ankara,Çankaya,Remzi Oğuz Arık,6632-1820,10-05-2023,3 + 1,110 m2,1. Kat,38 Yaşında,Kombi,4 Katlı,Uygun,Eşyalı Değil,1,Betonarme,İkinci El,Kat Mülkiyeti,,Doğalgaz,Evet,"1,3 km",150 m,"1,5 km","3,9 km",214 m,214 m,576 m,459 m,806 m,"2,7 km",422 m,286 m,108 m,157 m,984 m,152 m,2.975.000 TL,Kiracılı,Hayır,6.000 TL,150 TL,Batı,,,,,,,,,,,,,
94,Ankara,Altındağ,Aydınlıkevler,134637-36,08-05-2023,3 + 1,105 m2,En Üst Kat,30 Yaşında,Kombi,3 Katlı,Uygun değil,Eşyalı Değil,1,Betonarme,İkinci El,Kat Mülkiyeti,,Doğalgaz,Evet,"1,1 km",184 m,"2,3 km",,535 m,543 m,364 m,"1,8 km","2,4 km",3 km,296 m,516 m,230 m,268 m,"1,4 km",171 m,1.235.000 TL,,Hayır,7.000 TL,,,"19,5 km",,,,,,,,,,,,
95,Ankara,Çankaya,Şehit Cengiz Karaca,3483-6051,09-05-2023,3 + 1,125 m2,3. Kat,22 Yaşında,Kombi,7 Katlı,Uygun,Eşyalı Değil,1,Betonarme,Sıfır,Kat Mülkiyeti,,Doğalgaz,Evet,"4,5 km",102 m,366 m,"5,2 km",592 m,486 m,624 m,641 m,"2,3 km","6,8 km",412 m,260 m,130 m,85 m,"2,1 km",180 m,2.950.000 TL,Boş,Hayır,,200 TL,"Güney, Doğu",,,,,,,,,,,,,
96,Ankara,Etimesgut,Tunahan,43480-9169,09-05-2023,1 + 1,60 m2,11. Kat,11 Yaşında,Kombi,14 Katlı,Uygun,Eşyalı,1,Betonarme,İkinci El,Kat Mülkiyeti,,Doğalgaz,Evet,598 m,270 m,"3,9 km","17,8 km",3 km,"2,4 km",659 m,661 m,"7,2 km","7,7 km",518 m,658 m,31 m,11 m,666 m,403 m,1.590.000 TL,Kiracılı,Hayır,2.500 TL,210 TL,Doğu,,,,,,,,,,,,,
97,Ankara,Çankaya,Şehit Cevdet Özdemir,128531-47,09-05-2023,3 + 1,105 m2,Bodrum,20 Yaşında,Kombi,2 Katlı,Uygun,Eşyalı Değil,1,Betonarme,İkinci El,Kat Mülkiyeti,,Doğalgaz,Evet,"4,1 km",164 m,344 m,"4,8 km",397 m,763 m,492 m,807 m,"2,6 km","6,1 km",284 m,382 m,98 m,113 m,"2,1 km",357 m,1.500.000 TL,Belirtilmemiş,Hayır,7.000 TL,100 TL,Doğu,,,,,,,,,,,,,
98,Ankara,Çankaya,Sokullu Mehmet Paşa,119164-849,09-05-2023,2 + 1,105 m2,Kot 1,30 Yaşında,Kombi,3 Katlı,Uygun,Eşyalı,1,Betonarme,Sıfır,Kat Mülkiyeti,,Doğalgaz,Evet,"2,4 km",127 m,"2,1 km","3,3 km","1,7 km","1,8 km",556 m,335 m,"1,7 km","4,5 km",368 m,594 m,114 m,19 m,2 km,338 m,1.890.000 TL,Boş,Hayır,10.000 TL,100 TL,Doğu,,,,,,,,,,,,,
99,Ankara,Çankaya,Şehit Cengiz Karaca,3483-6028,09-05-2023,2 + 1,95 m2,Kot 1,27 Yaşında,Kombi,2 Katlı,Uygun,Eşyalı,1,Betonarme,İkinci El,Kat Mülkiyeti,,Doğalgaz,Evet,"4,2 km",44 m,180 m,"4,9 km",358 m,815 m,652 m,735 m,"2,5 km","6,3 km",134 m,400 m,221 m,189 m,"2,1 km",360 m,1.400.000 TL,Kiracılı,Hayır,10.000 TL,60 TL,Doğu,,,,,,,,,,,,,
100,Ankara,Çankaya,Maltepe,3646-895,09-05-2023,5 + 1,200 m2,8. Kat,25 Yaşında,Merkezi,8 Katlı,Uygun,Eşyalı Değil,2,Betonarme,İkinci El,Kat Mülkiyeti,,Doğalgaz,Evet,154 m,44 m,715 m,"3,1 km",551 m,605 m,364 m,312 m,912 m,"1,1 km",135 m,215 m,87 m,121 m,595 m,194 m,2.150.000 TL,Boş,Evet,9.000 TL,350 TL,"Güney, Doğu, Batı",,,,,,,,,,,,,
101,Ankara,Çankaya,Eti,3646-1087,09-05-2023,4 + 0,140 m2,2. Kat,40 Yaşında,Kombi,6 Katlı,Uygun,Eşyalı Değil,,,İkinci El,,,Doğalgaz,Evet,308 m,142 m,"1,2 km",3 km,144 m,141 m,215 m,1 km,526 m,"1,3 km",83 m,73 m,66 m,45 m,449 m,54 m,2.400.000 TL,Boş,Hayır,8.000 TL,75 TL,,,,,,,,140 m2,130 m2,1,,,,
102,Ankara,Keçiören,Tepebaşı,136607-2,03-05-2023,3 + 1,130 m2,Kot 2,15 Yaşında,Kombi,5 Katlı,Uygun,Eşyalı Değil,1,Betonarme,İkinci El,Kat Mülkiyeti,,Doğalgaz,Evet,139 m,134 m,1 km,,649 m,881 m,172 m,221 m,"3,1 km",128 m,86 m,126 m,167 m,130 m,1 km,164 m,1.210.000 TL,Kiracılı,Hayır,4.500 TL,50 TL,Doğu,"17,4 km",,,,,,,,,,,,
103,Ankara,Keçiören,Yakacık,136607-16,09-05-2023,3 + 1,130 m2,13. Kat,25 Yaşında,Merkezi,14 Katlı,Uygun,Eşyalı Değil,1,Betonarme,İkinci El,Kat Mülkiyeti,,Doğalgaz,Evet,378 m,289 m,"1,1 km",,"1,2 km",534 m,64 m,995 m,"3,1 km",956 m,462 m,401 m,55 m,24 m,"1,6 km",247 m,2.250.000 TL,Kiracılı,Hayır,12.000 TL,700 TL,"Kuzey, Batı","17,3 km",,,,,,,,,,,,
104,Ankara,Çankaya,Naci Çakır,2602-9327,09-05-2023,2 + 1,110 m2,Kot 1,25 Yaşında,Kombi,2 Katlı,Uygun,Eşyalı Değil,1,Betonarme,İkinci El,Kat Mülkiyeti,,Doğalgaz,Evet,"4,4 km",113 m,780 m,"5,4 km",41 m,46 m,144 m,"1,3 km","2,1 km","6,2 km",29 m,559 m,120 m,126 m,"1,7 km",219 m,1.795.000 TL,Boş,Evet,10.000 TL,,"Güney, Doğu",,,,,,,,,,,,,
105,Ankara,Çankaya,Yukarı Dikmen,2603-4480,09-05-2023,6 + 1,350 m2,8. Kat,18 Yaşında,Merkezi,8 Katlı,Uygun,Eşyalı Değil,3,Betonarme,İkinci El,Kat Mülkiyeti,,Doğalgaz,Evet,"7,1 km",340 m,"1,1 km",8 km,418 m,425 m,"1,2 km",523 m,835 m,"7,8 km",75 m,293 m,258 m,33 m,531 m,734 m,5.950.000 TL,Boş,Evet,20.000 TL,2.500 TL,"Güney, Batı",,,,,,,,,,,,,
106,Ankara,Çankaya,Ayrancı,2603-4505,09-05-2023,4 + 1,155 m2,3. Kat,30 Yaşında,Kombi,3 Katlı,Uygun,Eşyalı Değil,1,Betonarme,İkinci El,Kat Mülkiyeti,,Doğalgaz,Evet,"2,3 km",42 m,"2,4 km","4,1 km",1 km,"1,3 km",552 m,609 m,"1,1 km","4,1 km",119 m,278 m,26 m,77 m,"1,2 km",82 m,2.850.000 TL,Boş,Hayır,,150 TL,"Kuzey, Batı",,,,,,,,,,,,,
107,Ankara,Çankaya,İlkadım,2603-4522,09-05-2023,2 + 1,115 m2,3. Kat,25 Yaşında,Kombi,3 Katlı,Uygun,Eşyalı Değil,1,Betonarme,İkinci El,Kat Mülkiyeti,,Doğalgaz,Evet,"3,9 km",101 m,942 m,5 km,509 m,511 m,537 m,796 m,"2,5 km","5,8 km",478 m,346 m,97 m,22 m,"1,4 km",76 m,1.875.000 TL,Boş,Evet,12.000 TL,70 TL,"Kuzey, Doğu",,,,,,,,,,,,,
108,Ankara,Çankaya,Harbiye,14072-12672,09-05-2023,2 + 1,130 m2,Kot 1,5 Yaşında,Kombi,4 Katlı,Uygun,Eşyalı Değil,1,Betonarme,İkinci El,Kat Mülkiyeti,,Doğalgaz,Evet,"3,3 km",139 m,"1,2 km","4,3 km","1,1 km","1,1 km",110 m,192 m,"2,3 km","5,3 km",146 m,247 m,83 m,123 m,"1,5 km",84 m,2.225.000 TL,Boş,Hayır,13.000 TL,100 TL,"Kuzey, Batı",,,,,,,,,,,,,
109,Ankara,Çankaya,Ayrancı,5462-3328,08-05-2023,1 + 1,100 m2,Kot 1,45 Yaşında,Kombi,4 Katlı,Uygun,Eşyalı Değil,1,Betonarme,Sıfır,Kat Mülkiyeti,,Doğalgaz,Evet,"1,7 km",30 m,"2,2 km","3,8 km",658 m,658 m,123 m,55 m,721 m,"3,5 km",488 m,287 m,120 m,129 m,"1,2 km",36 m,1.625.000 TL,Boş,Hayır,,200 TL,Güney,,,,,,,,,,,,,
110,Ankara,Pursaklar,Mimar Sinan,2545-7047,09-05-2023,4 + 1,180 m2,8. Kat,4 Yaşında,Yerden Isıtma,8 Katlı,Uygun,Eşyalı Değil,2,Betonarme,Sıfır,Kat Mülkiyeti,,Doğalgaz,,"3,7 km",105 m,"2,1 km",,"2,1 km",694 m,750 m,987 m,"6,6 km","4,3 km",216 m,374 m,30 m,31 m,"3,8 km",84 m,2.590.000 TL,Boş,Evet,,,,"13,1 km",,,,,,,,,,,,
111,Ankara,Çankaya,Sokullu Mehmet Paşa,36856-664,09-05-2023,3 + 1,110 m2,3. Kat,25 Yaşında,Kombi,3 Katlı,Uygun,Eşyalı Değil,2,Betonarme,Sıfır,Kat Mülkiyeti,,Doğalgaz,,"2,3 km",21 m,"2,2 km","3,2 km","1,7 km","1,8 km",498 m,382 m,"1,7 km","4,4 km",458 m,632 m,201 m,112 m,"2,1 km",436 m,2.390.000 TL,Boş,,12.000 TL,50 TL,"Güney, Doğu",,,,,,,,,,,,,
112,Ankara,Etimesgut,30 Ağustos,37640-8783,09-05-2023,3 + 1,109 m2,Yüksek Giriş,15 Yaşında,Kombi,3 Katlı,Uygun,Eşyalı Değil,1,Betonarme,İkinci El,Kat Mülkiyeti,,Doğalgaz,Evet,4 km,138 m,"4,7 km","13,4 km",732 m,710 m,240 m,661 m,"2,5 km","8,4 km",502 m,35 m,117 m,102 m,181 m,127 m,1.199.000 TL,Boş,Hayır,,50 TL,"Güney, Doğu, Batı",,,,,,,,,,,,,
113,Ankara,Çankaya,Şehit Cengiz Karaca,9075-473,08-05-2023,3 + 1,120 m2,Kot 1,30 Yaşında,Kombi,5 Katlı,Uygun,Eşyalı Değil,2,Betonarme,İkinci El,Kat İrtifakı,,Doğalgaz,Evet,"4,3 km",131 m,350 m,"5,1 km",612 m,651 m,467 m,623 m,"2,5 km","6,6 km",230 m,437 m,167 m,153 m,2 km,363 m,1.795.000 TL,Boş,Evet,11.000 TL,50 TL,"Doğu, Batı",,,,,,,,,,,,,
114,Ankara,Çankaya,Şehit Cengiz Karaca,9075-466,08-05-2023,3 + 1,120 m2,Kot 1,30 Yaşında,Kombi,5 Katlı,Uygun,Eşyalı Değil,2,Betonarme,İkinci El,Kat İrtifakı,,Doğalgaz,Evet,"4,3 km",120 m,359 m,"5,1 km",623 m,662 m,451 m,607 m,"2,5 km","6,6 km",216 m,452 m,155 m,158 m,2 km,377 m,1.795.000 TL,Boş,Evet,,50 TL,"Doğu, Batı",,,,,,,,,,,,,
115,Ankara,Keçiören,Atapark,129992-201,07-05-2023,3 + 1,135 m2,1. Kat,7 Yaşında,Kombi,5 Katlı,Uygun,Eşyalı Değil,2,Betonarme,İkinci El,Kat Mülkiyeti,,Doğalgaz,Evet,"2,2 km",283 m,"1,9 km",,"1,4 km","1,3 km",561 m,"1,3 km","2,4 km","2,3 km",363 m,535 m,178 m,102 m,"1,4 km",74 m,1.749.000 TL,Mülk Sahibi,Evet,7.500 TL,50 TL,"Güney, Doğu, Batı","17,2 km",,,,,,,,,,,,
116,Ankara,Sincan,Çokören,136808-47,08-05-2023,4 + 1,2.750 m2,,3 Yaşında,Kat Kaloriferi,1 Katlı,Uygun değil,Eşyalı,3,Betonarme,İkinci El,Arsa,,Kömür-Odun,,,"8,2 km",,,,"15,1 km","10,5 km",,,,107 m,"10,2 km","10,5 km",16 m,,"10,5 km",3.950.000 TL,,Hayır,,,,,,"15,4 km",17 km,107 m,"10,7 km",,,,"14,1 km",11 km,"10,6 km",
117,Ankara,Çankaya,Sokullu Mehmet Paşa,24453-6450,08-05-2023,2 + 1,95 m2,Giriş Katı,26 Yaşında,Kombi,3 Katlı,Uygun,Eşyalı,1,,,Kat Mülkiyeti,,,,"2,9 km",120 m,"1,6 km","3,8 km","1,6 km","1,7 km",337 m,374 m,2 km,"4,9 km",75 m,307 m,171 m,65 m,"1,8 km",152 m,1.750.000 TL,Kiracılı,Hayır,,75 TL,"Güney, Doğu",,,,,,,,,,,,,
118,Ankara,Çankaya,Alacaatlı,94164-240,08-05-2023,3 + 1,176 m2,2. Kat,5 Yaşında,Merkezi (Pay Ölçer),14 Katlı,Uygun,Eşyalı Değil,2,,,Kat Mülkiyeti,TOKİ İncek 2. Etap Konutları,,,"6,5 km",87 m,"4,6 km","13,4 km","1,2 km","2,4 km","2,6 km","4,6 km","2,4 km","2,1 km",221 m,427 m,343 m,97 m,"2,2 km","1,4 km",4.075.000 TL,Kiracılı,Evet,,750 TL,"Kuzey, Doğu, Batı",,,,,,,,,,,,,
119,Ankara,Çankaya,Koru,89065-212,08-05-2023,4 + 1,220 m2,6. Kat,18 Yaşında,Merkezi,8 Katlı,Uygun,Eşyalı Değil,2,Betonarme,İkinci El,Kat Mülkiyeti,Ema Esma bahçe,Doğalgaz,Evet,249 m,69 m,"4,4 km","11,3 km","2,1 km","2,1 km",471 m,"1,2 km","2,9 km","4,1 km",621 m,898 m,321 m,383 m,341 m,345 m,6.700.000 TL,Belirtilmemiş,Evet,10.000 TL,1.000 TL,"Kuzey, Doğu",,,,,,,,,,,,,
120,Ankara,Etimesgut,Ayyıldız,1493-12977,03-05-2023,4 + 1,148 m2,2. Kat,18 Yaşında,Kombi,5 Katlı,Uygun,Eşyalı Değil,1,Betonarme,İkinci El,,,Doğalgaz,Evet,"4,9 km",173 m,"1,1 km","17,1 km","2,2 km","1,4 km",609 m,"1,8 km","6,5 km","5,6 km",537 m,373 m,361 m,375 m,"2,9 km",363 m,2.100.000 TL,Boş,Hayır,8.000 TL,250 TL,"Doğu, Batı",,,,,,,,,,,,,
121,Ankara,Çankaya,Çayyolu,136890-13,08-05-2023,4 + 1,260 m2,,28 Yaşında,Kombi,3 Katlı,Uygun,Eşyalı Değil,2,Betonarme,İkinci El,Kat Mülkiyeti,,Doğalgaz,Evet,404 m,206 m,"4,2 km","10,9 km","1,7 km","1,7 km",619 m,915 m,"3,3 km","3,7 km",317 m,731 m,369 m,728 m,705 m,335 m,10.975.000 TL,Mülk Sahibi,Evet,25.000 TL,1.000 TL,"Kuzey, Güney, Doğu",,,,,,,,,,,,,
122,Ankara,Etimesgut,Bağlıca,136890-96,08-05-2023,4 + 1,280 m2,6. Kat,Sıfır Bina,Merkezi (Pay Ölçer),15 Katlı,Uygun,Eşyalı Değil,2,Betonarme,Sıfır,,,Doğalgaz,Evet,"3,6 km",125 m,"6,1 km","14,4 km","3,4 km","4,9 km",732 m,174 m,"1,4 km","7,4 km",359 m,345 m,102 m,192 m,"2,7 km",121 m,6.870.000 TL,,Hayır,35.000 TL,,"Kuzey, Güney, Doğu, Batı",,,,,,,,,,,,,
123,Ankara,Altındağ,Aydınlıkevler,61007-957,08-05-2023,1 + 1,65 m2,Giriş Katı,45 Yaşında,Kombi,2 Katlı,Uygun değil,,1,,,Kat Mülkiyeti,,,Evet,949 m,173 m,"2,3 km",,689 m,698 m,26 m,"1,5 km","2,3 km","2,6 km",278 m,412 m,12 m,51 m,"1,8 km",74 m,1.100.000 TL,Boş,,5.000 TL,,"Doğu, Batı","19,9 km",,,,,,,,,,,,
124,Ankara,Çankaya,Keklik Pınarı,115933-419,08-05-2023,4 + 1,200 m2,2. Kat,1 Yaşında,Merkezi,11 Katlı,Uygun,,2,Betonarme,İkinci El,Kat İrtifakı,,Doğalgaz,Evet,"5,6 km",48 m,651 m,"6,5 km","1,7 km",819 m,614 m,753 m,"1,7 km","8,1 km",432 m,"1,1 km",128 m,186 m,"1,7 km",679 m,4.490.000 TL,Kiracılı,Hayır,15.000 TL,750 TL,"Kuzey, Doğu",,,,,,,,,,,,,
125,Ankara,Gölbaşı,Karşıyaka,115933-415,08-05-2023,6 + 2,398 m2,,26 Yaşında,Kombi,4 Katlı,Uygun,Eşyalı Değil,4,Betonarme,İkinci El,Kat Mülkiyeti,,Doğalgaz,Evet,"13,8 km",288 m,"2,3 km","15,2 km","1,6 km","1,6 km","1,7 km","1,7 km","6,5 km","1,6 km",417 m,355 m,"1,6 km",365 m,"1,8 km",993 m,6.200.000 TL,Boş,Hayır,20.000 TL,1.200 TL,"Kuzey, Doğu, Batı",,,,,,,,,,,,,
126,Ankara,Yenimahalle,Ata,115933-417,08-05-2023,4 + 1,185 m2,21 ve üzeri,5 Yaşında,Yerden Isıtma,32 Katlı,Uygun,Eşyalı Değil,3,Betonarme,İkinci El,Kat Mülkiyeti,,Doğalgaz,Evet,"2,2 km",151 m,"4,4 km",,"2,1 km","1,2 km","1,2 km","1,2 km",10 km,"7,8 km",244 m,293 m,213 m,572 m,"1,8 km",244 m,3.745.000 TL,Kiracılı,Hayır,16.000 TL,1.200 TL,"Güney, Doğu, Batı",,"5,8 km",,,,,,,,,,,
127,Ankara,Çankaya,Yaşamkent,1810-4128,04-04-2023,2 + 1,136 m2,Zemin,Sıfır Bina,Merkezi (Pay Ölçer),14 Katlı,Uygun,Eşyalı Değil,2,Betonarme,Sıfır,Kat İrtifakı,,Doğalgaz,Evet,"4,8 km",50 m,8 km,16 km,"2,3 km",4 km,"1,2 km","3,6 km","2,6 km","8,7 km",475 m,475 m,101 m,614 m,"4,4 km",174 m,4.800.000 TL,Boş,Hayır,12.000 TL,,Güney,,,,,,,,,,,,,
128,Ankara,Gölbaşı,Seğmenler,1810-4151,08-05-2023,4 + 1,230 m2,1. Kat,Sıfır Bina,Yerden Isıtma,7 Katlı,Uygun,Eşyalı Değil,2,,,Kat İrtifakı,,,,"13,7 km",171 m,"1,6 km","14,6 km",293 m,245 m,963 m,"1,9 km","7,8 km","1,5 km",576 m,516 m,443 m,787 m,401 m,886 m,4.200.000 TL,Boş,Evet,,,"Güney, Doğu, Batı",,,,,,,,,,,,,
129,Ankara,Çankaya,Keklik Pınarı,135804-38,08-05-2023,4 + 1,200 m2,12. Kat,20 Yaşında,Merkezi,12 Katlı,Uygun,Eşyalı Değil,2,Betonarme,,Kat Mülkiyeti,,Doğalgaz,,"6,1 km",247 m,"1,4 km",7 km,"2,2 km","1,8 km",399 m,"1,6 km","2,6 km",8 km,751 m,157 m,379 m,339 m,"1,8 km",425 m,6.050.000 TL,,Evet,25.000 TL,,"Güney, Doğu",,,,,,,,,,,,,
130,Ankara,Yenimahalle,Demetevler,48042-1211,08-05-2023,3 + 1,125 m2,5. Kat,29 Yaşında,Kombi,6 Katlı,Uygun,Eşyalı Değil,1,Betonarme,İkinci El,Kat Mülkiyeti,,Doğalgaz,Evet,68 m,54 m,"2,4 km","5,4 km",198 m,529 m,568 m,352 m,"2,1 km","3,5 km",335 m,361 m,64 m,74 m,"1,4 km",48 m,1.250.000 TL,Kiracılı,Hayır,1.500 TL,100 TL,Güney,,,,,,,,,,,,,
131,Ankara,Çankaya,Cevizlidere,6675-8451,08-05-2023,3 + 1,140 m2,1. Kat,13 Yaşında,Kombi,5 Katlı,Uygun,Eşyalı Değil,2,,,Kat Mülkiyeti,,,Evet,"3,7 km",82 m,809 m,"4,5 km","1,5 km","1,3 km",356 m,363 m,"2,4 km","6,7 km",312 m,477 m,78 m,87 m,"1,2 km",357 m,3.400.000 TL,Kiracılı,Hayır,,200 TL,"Kuzey, Batı",,,,,,,,,,,,,
132,Ankara,Çankaya,Keklik Pınarı,129560-75,29-04-2023,3 + 1,120 m2,1. Kat,26 Yaşında,Kombi,10 Katlı,Uygun,Eşyalı Değil,1,Betonarme,Sıfır,Kat Mülkiyeti,,Doğalgaz,Evet,5 km,165 m,346 m,"5,8 km","1,2 km",228 m,188 m,160 m,"2,1 km","7,5 km",570 m,537 m,290 m,114 m,"2,3 km",177 m,2.445.000 TL,Boş,Evet,13.000 TL,400 TL,"Güney, Batı",,,,,,,,,,,,,
133,Ankara,Çankaya,Erzurum,110749-3,01-05-2023,5 + 1,300 m2,4. Kat,26 Yaşında,Kombi,5 Katlı,Uygun,Eşyalı Değil,1,,,,,,,177 m,150 m,991 m,"4,1 km",356 m,349 m,315 m,666 m,1 km,345 m,252 m,364 m,109 m,34 m,"1,7 km",375 m,2.500.000 TL,Kiracılı,Hayır,,,,,,,,,,,,,,,,
134,Ankara,Keçiören,Güzelyurt,137475-16,01-05-2023,3 + 1,110 m2,2. Kat,26 Yaşında,Kombi,3 Katlı,Uygun,Eşyalı Değil,1,,,Kat Mülkiyeti,,,,"1,2 km",92 m,"1,1 km",,867 m,879 m,207 m,"1,9 km","4,9 km",2 km,28 m,388 m,217 m,95 m,"2,2 km",264 m,1.290.000 TL,Kiracılı,Hayır,,,"Kuzey, Batı","15,4 km",,,,,,,,,,,,
135,Ankara,Mamak,Türközü,89899-1236,07-05-2023,5 + 1,325 m2,10. Kat,Sıfır Bina,Kombi,10 Katlı,Uygun,Eşyalı Değil,4,Betonarme,Sıfır,Kat Mülkiyeti,,Doğalgaz,Evet,"2,1 km",187 m,"2,6 km","5,9 km","1,5 km","1,3 km",549 m,"1,5 km","2,1 km","1,9 km",299 m,282 m,224 m,171 m,2 km,162 m,4.250.000 TL,Boş,Evet,10.000 TL,250 TL,"Güney, Batı",,,,,,,,,,,,,
136,Ankara,Mamak,Mutlu,89899-1279,05-05-2023,4 + 1,175 m2,3. Kat,3 Yaşında,Kombi,3 Katlı,Uygun,Eşyalı Değil,2,Betonarme,İkinci El,Kat Mülkiyeti,,Doğalgaz,Evet,"3,2 km",138 m,1 km,"7,4 km","1,3 km","1,3 km",216 m,2 km,"3,6 km",3 km,220 m,762 m,75 m,86 m,"3,3 km",605 m,2.600.000 TL,Mülk Sahibi,Evet,12.000 TL,100 TL,"Güney, Batı",,,,,,,,,,,,,
137,Ankara,Keçiören,Atapark,137051-33,07-05-2023,2 + 1,90 m2,Kot 2,15 Yaşında,Kombi,3 Katlı,Uygun,Eşyalı Değil,1,,Sıfır,Kat Mülkiyeti,,Doğalgaz,Evet,"1,5 km",88 m,"1,7 km",,723 m,599 m,162 m,637 m,"2,6 km","1,6 km",246 m,449 m,135 m,57 m,786 m,299 m,819.000 TL,Boş,Evet,5.000 TL,50 TL,Doğu,"17,2 km",,,,,,,,,,,,
138,Ankara,Gölbaşı,Karaoğlan,36026-15,07-05-2023,2 + 1,500 m2,,1 Yaşında,Soba,1 Katlı,Uygun değil,Eşyalı Değil,1,Betonarme,Sıfır,Arsa,,,Evet,"19,4 km",88 m,"5,3 km",,"5,7 km","5,7 km","5,7 km","5,7 km","12,8 km","5,3 km","3,8 km","2,5 km","4,9 km","2,1 km","6,1 km","5,6 km",1.900.000 TL,Mülk Sahibi,Hayır,,75 TL,,,,,,,,,,,,,,
139,Ankara,Keçiören,Aşağı Eğlence,16354-23933,07-05-2023,4 + 1,275 m2,3. Kat,16 Yaşında,Merkezi (Pay Ölçer),3 Katlı,Uygun,Eşyalı Değil,2,,İkinci El,Kat Mülkiyeti,,Doğalgaz,,"2,5 km",170 m,"1,6 km","1,9 km",202 m,202 m,534 m,601 m,"1,3 km","1,3 km",126 m,372 m,34 m,77 m,"1,8 km",138 m,1.789.000 TL,Boş,Evet,,,"Güney, Batı",,,,,,,,,,,,,
140,Ankara,Keçiören,Atapark,136916-42,07-05-2023,4 + 1,150 m2,1. Kat,Sıfır Bina,Kombi,3 Katlı,Uygun,Eşyalı Değil,2,Betonarme,Sıfır,Kat Mülkiyeti,,Doğalgaz,Evet,"2,1 km",59 m,"1,2 km",,"1,5 km","1,4 km",250 m,"1,4 km","1,5 km","2,2 km",159 m,85 m,70 m,145 m,"1,7 km",145 m,2.400.000 TL,Boş,Evet,12.000 TL,100 TL,"Güney, Doğu, Batı","18,2 km",,,,,,,,,,,,
141,Ankara,Çankaya,Yukarı Dikmen,2603-4336,25-04-2023,4 + 1,320 m2,2. Kat,15 Yaşında,Kombi,10 Katlı,Uygun,Eşyalı,2,Betonarme,İkinci El,Kat Mülkiyeti,,Doğalgaz,Evet,"7,1 km",181 m,"1,6 km","8,1 km",862 m,887 m,748 m,418 m,701 m,8 km,233 m,217 m,51 m,89 m,882 m,890 m,7.250.000 TL,Boş,Evet,,,"Güney, Doğu, Batı",,,,,,,,,,,,,
142,Ankara,Keçiören,Etlik,135949-48,06-05-2023,3 + 1,140 m2,Yüksek Giriş,15 Yaşında,Kombi,6 Katlı,Uygun,Eşyalı Değil,1,Betonarme,İkinci El,Kat Mülkiyeti,,Doğalgaz,,"2,7 km",47 m,"1,9 km","3,1 km","1,3 km","1,3 km",335 m,768 m,"1,3 km","1,1 km",280 m,84 m,75 m,141 m,"1,5 km",226 m,1.200.000 TL,Boş,,8.000 TL,50 TL,"Güney, Batı",,,,,,,,,,,,,
143,Ankara,Sincan,Mustafa Kemal,97141-10829,06-05-2023,3 + 1,150 m2,1. Kat,9 Yaşında,Kombi,3 Katlı,Uygun,Eşyalı Değil,1,Betonarme,İkinci El,Kat Mülkiyeti,,Doğalgaz,Evet,"4,1 km",173 m,"7,4 km",,"3,7 km","6,4 km",338 m,"4,4 km","16,1 km","7,6 km",401 m,281 m,129 m,113 m,"1,4 km",208 m,1.590.000 TL,Kiracılı,Hayır,8.000 TL,50 TL,"Güney, Doğu",,"11,2 km",,,,,,,,,,,
144,Ankara,Keçiören,Etlik,134665-233,06-05-2023,3 + 1,130 m2,2. Kat,20 Yaşında,Kombi,3 Katlı,Uygun,Eşyalı Değil,1,Betonarme,İkinci El,Kat Mülkiyeti,,Doğalgaz,Evet,"3,1 km",97 m,"1,3 km",3 km,923 m,923 m,327 m,847 m,"1,6 km","1,4 km",164 m,72 m,71 m,100 m,"1,8 km",57 m,1.349.000 TL,Boş,Hayır,10.000 TL,50 TL,"Güney, Doğu",,,,,,,,,,,,,
145,Ankara,Keçiören,Esertepe,134665-231,04-05-2023,4 + 1,170 m2,2. Kat,1 Yaşında,Kombi,3 Katlı,Uygun,Eşyalı Değil,1,Betonarme,Sıfır,Kat Mülkiyeti,,Doğalgaz,Evet,"2,3 km",172 m,799 m,,"1,8 km","1,7 km",471 m,"1,6 km","1,1 km","2,4 km",125 m,267 m,99 m,85 m,"2,1 km",264 m,2.850.000 TL,Boş,Evet,15.000 TL,50 TL,"Güney, Doğu","18,8 km",,,,,,,,,,,,
146,Ankara,Pursaklar,Yunus Emre,20040-252,06-05-2023,3 + 1,155 m2,7. Kat,9 Yaşında,Kombi,7 Katlı,Uygun,Eşyalı Değil,2,Betonarme,İkinci El,Kat Mülkiyeti,,Doğalgaz,Evet,"3,7 km",18 m,"2,2 km",,"2,2 km",547 m,332 m,903 m,"6,8 km","4,3 km",369 m,215 m,44 m,93 m,"3,9 km",164 m,2.389.000 TL,Boş,Hayır,,,"Kuzey, Batı",13 km,,,,,,,,,,,,
147,Ankara,Keçiören,Yükseltepe,5116-808,12-03-2023,6 + 1,300 m2,4. Kat,10 Yaşında,Kombi,4 Katlı,Uygun,Eşyalı Değil,2,Betonarme,İkinci El,Kat Mülkiyeti,,Doğalgaz,Evet,"4,1 km",184 m,"1,4 km",,"3,2 km","3,2 km",487 m,"2,5 km",779 m,"3,4 km",420 m,368 m,158 m,175 m,"1,9 km",211 m,2.299.000 TL,Mülk Sahibi,Evet,8.000 TL,70 TL,"Güney, Doğu, Batı","19,8 km",,,,,,,,,,,,
148,Ankara,Gölbaşı,İncek,129424-745,06-05-2023,4 + 1,170 m2,3. Kat,1 Yaşında,Kombi,3 Katlı,Uygun,Eşyalı Değil,2,Betonarme,İkinci El,Kat Mülkiyeti,,Doğalgaz,Evet,"9,1 km",80 m,"7,3 km","15,9 km","2,8 km","4,8 km",209 m,"7,2 km","2,4 km","3,4 km",165 m,642 m,136 m,231 m,"3,7 km","2,6 km",3.850.000 TL,Boş,Evet,12.000 TL,150 TL,"Güney, Doğu",,,,,,,,,,,,,
149,Ankara,Etimesgut,Topçu,14994-11264,05-05-2023,3 + 1,110 m2,Yüksek Giriş,15 Yaşında,Kombi,5 Katlı,Uygun,Eşyalı Değil,1,Betonarme,İkinci El,Kat Mülkiyeti,Evet (Site Adı Belirtilmemiş),Doğalgaz,Evet,"3,4 km",18 m,1 km,"17,4 km","1,4 km",84 m,395 m,"1,1 km","6,5 km","5,5 km",258 m,50 m,193 m,141 m,"2,1 km",100 m,1.000.000 TL,Boş,Hayır,2.000 TL,50 TL,"Kuzey, Doğu, Batı",,,,,,,,,,,,,
150,Ankara,Gölbaşı,Hacılar,2490-1088,10-05-2023,8 + 4,600 m2,,4 Yaşında,Kombi,3 Katlı,Uygun,Eşyalı Değil,6,Betonarme,İkinci El,Kat Mülkiyeti,,Doğalgaz,Evet,"14,5 km",278 m,"7,8 km","19,1 km",7 km,"7,2 km","5,8 km","7,3 km","6,1 km","7,2 km","1,1 km","3,7 km",4 km,333 m,"7,5 km",5 km,18.500.000 TL,Mülk Sahibi,Evet,60.000 TL,,,,,,,,,,,,,,,
151,Ankara,Çankaya,Oran,9080-4583,09-05-2023,3 + 1,140 m2,1. Kat,31 Yaşında,Merkezi,6 Katlı,Uygun,Eşyalı Değil,1,,,Kat Mülkiyeti,Çamlık Sitesi,,,"7,1 km",25 m,891 m,"8,1 km","1,8 km","1,8 km",521 m,"2,2 km","2,7 km","7,1 km",321 m,288 m,310 m,115 m,"1,3 km",425 m,3.650.000 TL,Kiracılı,Hayır,,,Güney,,,,,,,,,,,,,
152,Ankara,Pursaklar,Yunus Emre,5430-1774,05-05-2023,3 + 1,125 m2,7. Kat,8 Yaşında,Kombi,7 Katlı,Uygun,Eşyalı Değil,1,,İkinci El,Kat Mülkiyeti,,,Evet,"3,7 km",45 m,"2,2 km",,"2,2 km",515 m,379 m,872 m,"6,8 km","4,3 km",415 m,211 m,42 m,101 m,"3,9 km",213 m,2.389.000 TL,Boş,Hayır,,,,13 km,,,,,,,,,,,,
153,Ankara,Altındağ,Hacettepe,81348-632,05-05-2023,3 + 1,125 m2,2. Kat,43 Yaşında,Kombi,6 Katlı,Uygun,Eşyalı Değil,1,Betonarme,İkinci El,Kat Mülkiyeti,,Doğalgaz,Evet,561 m,213 m,"1,3 km","3,6 km",107 m,299 m,392 m,120 m,"1,7 km",930 m,307 m,875 m,133 m,68 m,"2,4 km",130 m,1.250.000 TL,Kiracılı,Hayır,6.000 TL,100 TL,"Güney, Doğu",,,,,,,,,,,,,
154,Ankara,Keçiören,Etlik,113784-743,05-05-2023,2 + 1,115 m2,Giriş Katı,18 Yaşında,Kombi,3 Katlı,Uygun,Eşyalı,1,Betonarme,,Kat Mülkiyeti,,Doğalgaz,Evet,"2,3 km",79 m,"2,1 km","2,2 km",768 m,768 m,201 m,190 m,1 km,513 m,100 m,279 m,130 m,72 m,1 km,156 m,1.390.000 TL,Boş,Evet,10.000 TL,50 TL,"Güney, Doğu, Batı",,,,,,,,,,,,,
155,Ankara,Etimesgut,Ahi Mesut,135187-85,14-04-2023,3 + 1,160 m2,2. Kat,10 Yaşında,Kombi,9 Katlı,Uygun,Eşyalı Değil,2,Betonarme,İkinci El,Kat Mülkiyeti,,Doğalgaz,Evet,"4,9 km",49 m,"2,5 km","15,6 km","1,9 km","1,9 km",526 m,"1,1 km","4,9 km","7,1 km",204 m,203 m,260 m,382 m,"2,6 km",465 m,3.150.000 TL,Mülk Sahibi,Hayır,6.000 TL,50 TL,"Kuzey, Güney, Batı",,,,,,,,,,,,,
156,Ankara,Keçiören,Yükseltepe,5116-885,05-05-2023,4 + 1,225 m2,14. Kat,4 Yaşında,Merkezi (Pay Ölçer),17 Katlı,Uygun,Eşyalı Değil,2,Betonarme,İkinci El,Kat Mülkiyeti,,Doğalgaz,Evet,"3,9 km",36 m,"1,6 km",,"3,1 km","3,1 km",597 m,"2,6 km",633 m,"3,3 km",515 m,496 m,61 m,132 m,"1,9 km",64 m,5.199.000 TL,Mülk Sahibi,Evet,15.000 TL,500 TL,"Güney, Doğu, Batı","19,7 km",,,,,,,,,,,,
157,Ankara,Çankaya,Sokullu Mehmet Paşa,14072-12558,07-05-2023,3 + 1,125 m2,1. Kat,28 Yaşında,Kombi,3 Katlı,Uygun,Eşyalı Değil,1,Betonarme,,Kat İrtifakı,,Doğalgaz,Evet,"2,8 km",139 m,"1,6 km","3,7 km","1,7 km","1,8 km",406 m,358 m,"1,9 km","4,9 km",135 m,445 m,130 m,40 m,"1,9 km",155 m,2.190.000 TL,Boş,Evet,8.000 TL,75 TL,"Güney, Doğu",,,,,,,,,,,,,
158,Ankara,Çankaya,Öveçler,14072-12510,07-05-2023,5 + 1,250 m2,3. Kat,24 Yaşında,Kombi,3 Katlı,Uygun,Eşyalı Değil,3,Betonarme,Sıfır,Kat Mülkiyeti,,Doğalgaz,Evet,"3,2 km",306 m,"1,3 km","3,9 km","1,4 km","1,5 km",107 m,522 m,"2,1 km","5,2 km",323 m,368 m,356 m,76 m,"1,9 km",363 m,3.750.000 TL,Boş,Evet,20.000 TL,120 TL,"Güney, Doğu",,,,,,,,,,,,,
159,Ankara,Mamak,Misket,44716-8360,05-05-2023,2 + 1,100 m2,2. Kat,12 Yaşında,Kombi,3 Katlı,Uygun,Eşyalı Değil,1,Betonarme,İkinci El,Kat Mülkiyeti,,Doğalgaz,Evet,"3,1 km",64 m,"2,5 km","6,8 km",320 m,319 m,355 m,"1,1 km","4,6 km","3,5 km",96 m,177 m,220 m,111 m,"3,3 km",201 m,1.347.000 TL,Kiracılı,Hayır,7.000 TL,65 TL,Güney,,,,,,,,,,,,,
160,Ankara,Çankaya,Mutlukent,89764-321,05-05-2023,9 + 1,651 m2,,22 Yaşında,Kombi,3 Katlı,Uygun,,4,,,,,,Evet,"1,2 km",126 m,"3,8 km","9,7 km",626 m,618 m,959 m,797 m,"4,4 km","2,6 km",377 m,241 m,234 m,210 m,291 m,558 m,29.500.000 TL,,,,650 TL,,,,,,,,,,,,,,
161,Ankara,Etimesgut,Yeni Bağlıca,97798-1172,18-03-2023,6 + 1,450 m2,,Sıfır Bina,Kombi,3 Katlı,Uygun,Eşyalı Değil,3,Betonarme,Sıfır,Kat Mülkiyeti,,Doğalgaz,Evet,"4,3 km",194 m,"5,7 km",15 km,"3,8 km","5,4 km",168 m,796 m,"1,8 km","8,1 km",227 m,222 m,155 m,527 m,"3,3 km",20 m,8.800.000 TL,Boş,Evet,25.000 TL,,"Güney, Doğu",,,,,,,,,,,,,
162,Ankara,Pursaklar,Tevfik İleri,5430-1766,05-05-2023,3 + 1,125 m2,2. Kat,15 Yaşında,Kombi,4 Katlı,Uygun,Eşyalı Değil,1,,İkinci El,Kat Mülkiyeti,,,Evet,"6,3 km",299 m,169 m,,"1,7 km","1,7 km",63 m,"2,1 km","9,6 km",7 km,155 m,726 m,50 m,13 m,"6,6 km",634 m,1.600.000 TL,Mülk Sahibi,Hayır,,,,"10,2 km",,,,,,,,,,,,
163,Ankara,Kızılcahamam,Akçay,116405-96,13-04-2023,3 + 1,120 m2,3. Kat,10 Yaşında,Kombi,5 Katlı,Uygun,Eşyalı Değil,1,,,,,,,,169 m,,199 m,591 m,612 m,372 m,372 m,,,216 m,263 m,170 m,36 m,,183 m,950.000 TL,,,,,,,,,,186 m,246 m,,,,,,,218 m
164,Ankara,Mamak,Şafaktepe,8972-3766,09-05-2023,3 + 1,130 m2,Kot 1,40 Yaşında,Kombi,3 Katlı,Uygun,Eşyalı Değil,1,Betonarme,İkinci El,Kat Mülkiyeti,,Doğalgaz,Evet,,,,,,,,,,,,,,,,,790.000 TL,Kiracılı,Hayır,2.000 TL,30 TL,"Güney, Doğu, Batı",,,,,,,,,,,,,
165,Ankara,Keçiören,Güçlükaya,8972-3758,26-04-2023,3 + 1,120 m2,3. Kat,25 Yaşında,Kombi,8 Katlı,Uygun,Eşyalı Değil,1,Betonarme,İkinci El,Kat Mülkiyeti,Estergon Sitesi,Doğalgaz,Evet,451 m,248 m,"2,1 km",,505 m,503 m,219 m,707 m,"2,1 km","1,7 km",514 m,245 m,239 m,171 m,568 m,422 m,1.790.000 TL,Kiracılı,Hayır,2.000 TL,100 TL,"Güney, Doğu, Batı","18,2 km",,,,,,,,,,,,
166,Ankara,Çankaya,Ön Cebeci,8972-3767,26-04-2023,2 + 1,90 m2,Yüksek Giriş,40 Yaşında,Kombi,3 Katlı,Uygun,Eşyalı Değil,1,Betonarme,İkinci El,Kat Mülkiyeti,,Doğalgaz,Evet,263 m,55 m,822 m,"4,4 km",174 m,736 m,167 m,97 m,237 m,919 m,663 m,436 m,19 m,116 m,952 m,126 m,1.370.000 TL,Kiracılı,Hayır,2.000 TL,30 TL,"Güney, Doğu, Batı",,,,,,,,,,,,,
167,Ankara,Etimesgut,Piyade,113388-1768,05-05-2023,3 + 1,135 m2,3. Kat,8 Yaşında,Kombi,3 Katlı,Uygun,Eşyalı Değil,2,Betonarme,İkinci El,Kat Mülkiyeti,,Doğalgaz,Evet,"3,7 km",142 m,"2,7 km","15,5 km",788 m,835 m,72 m,862 m,"4,6 km","7,4 km",399 m,452 m,114 m,52 m,"1,9 km",122 m,1.675.000 TL,Kiracılı,Evet,6.000 TL,20 TL,"Güney, Batı",,,,,,,,,,,,,
168,Ankara,Çankaya,Güzeltepe,53653-2270,10-05-2023,3 + 1,135 m2,1. Kat,36 Yaşında,Merkezi,3 Katlı,Uygun,Eşyalı Değil,1,Betonarme,İkinci El,Kat Mülkiyeti,,Doğalgaz,Evet,"3,4 km",134 m,"1,8 km",5 km,"1,2 km","1,2 km",514 m,355 m,"1,8 km","5,1 km",436 m,28 m,129 m,243 m,621 m,210 m,2.700.000 TL,Belirtilmemiş,Hayır,9.000 TL,750 TL,"Güney, Doğu, Batı",,,,,,,,,,,,,
169,Ankara,Altındağ,Gültepe,81348-619,05-05-2023,3 + 1,125 m2,6. Kat,8 Yaşında,Kombi,14 Katlı,Uygun,Eşyalı Değil,1,Betonarme,,,Evet (Site Adı Belirtilmemiş),Doğalgaz,Evet,,,,,,,,,,,,,,,,,1.250.000 TL,Kiracılı,,,,"Kuzey, Doğu",,,,,,,,,,,,,
170,Ankara,Altındağ,Hacettepe,81348-629,05-05-2023,3 + 1,105 m2,4. Kat,45 Yaşında,Kombi,5 Katlı,Uygun,Eşyalı Değil,1,Betonarme,,Kat Mülkiyeti,,Doğalgaz,Evet,900 m,384 m,958 m,"3,3 km",63 m,91 m,401 m,437 m,"1,4 km","1,1 km",115 m,783 m,259 m,22 m,"2,2 km",254 m,900.000 TL,Boş,,,,"Güney, Doğu",,,,,,,,,,,,,
171,Ankara,Pursaklar,Tevfik İleri,65431-11591,10-04-2023,4 + 1,210 m2,12. Kat,Sıfır Bina,Yerden Isıtma,14 Katlı,Uygun,Eşyalı Değil,2,Betonarme,Sıfır,Kat Mülkiyeti,,Doğalgaz,Evet,"6,1 km",112 m,203 m,,"1,7 km","1,7 km",195 m,"1,9 km","9,4 km","6,8 km",291 m,581 m,188 m,203 m,"6,5 km",475 m,3.800.000 TL,Boş,Hayır,,,,"10,4 km",,,,,,,,,,,,
172,Ankara,Gölbaşı,Kızılcaşar,0-40739102,04-05-2023,4 + 1,280 m2,,Sıfır Bina,Kombi,2 Katlı,Uygun değil,Eşyalı Değil,3,Betonarme,Sıfır,Arsa,Evet (Site Adı Belirtilmemiş),Doğalgaz,,"8,6 km",939 m,"5,4 km","13,2 km",986 m,"2,8 km","1,9 km",6 km,699 m,786 m,"1,2 km","1,3 km","1,2 km","1,1 km","1,1 km","1,3 km",12.500.000 TL,Boş,Hayır,,,Güney,,,,,,,,,,,,,
173,Ankara,Mamak,Şahintepe,44716-8362,03-05-2023,3 + 1,120 m2,3. Kat,14 Yaşında,Kombi,3 Katlı,Uygun,Eşyalı Değil,1,Betonarme,İkinci El,Kat Mülkiyeti,,Doğalgaz,Evet,"3,9 km",42 m,984 m,8 km,1 km,1 km,590 m,2 km,"4,8 km",4 km,422 m,286 m,195 m,88 m,"2,6 km",172 m,1.400.000 TL,Mülk Sahibi,Hayır,7.000 TL,60 TL,"Güney, Batı",,,,,,,,,,,,,
174,Ankara,Mamak,Şirintepe,44716-8359,26-04-2023,4 + 1,300 m2,En Üst Kat,3 Yaşında,Kombi,3 Katlı,Uygun,Eşyalı Değil,2,Betonarme,İkinci El,Kat Mülkiyeti,,Doğalgaz,Evet,"4,4 km",58 m,"1,4 km","8,4 km","1,5 km","1,5 km",6 m,"2,1 km","5,4 km","4,5 km",112 m,563 m,104 m,143 m,2 km,395 m,2.849.000 TL,Mülk Sahibi,Hayır,12.000 TL,120 TL,"Güney, Batı",,,,,,,,,,,,,
175,Ankara,Mamak,Şahintepe,44716-8350,03-05-2023,3 + 1,120 m2,2. Kat,14 Yaşında,Kombi,3 Katlı,Uygun,Eşyalı Değil,1,,İkinci El,Kat Mülkiyeti,,Doğalgaz,Evet,"3,7 km",20 m,"1,1 km","7,8 km",844 m,838 m,685 m,"1,9 km","4,7 km","3,9 km",567 m,444 m,110 m,135 m,"2,7 km",280 m,1.388.000 TL,Mülk Sahibi,Hayır,8.000 TL,55 TL,"Güney, Batı",,,,,,,,,,,,,
176,Ankara,Çankaya,Keklik Pınarı,99900-1232,10-05-2023,2 + 1,98 m2,Kot 1,15 Yaşında,Kombi,3 Katlı,Uygun,Eşyalı Değil,1,Betonarme,İkinci El,Kat Mülkiyeti,,Doğalgaz,Evet,"6,2 km",62 m,462 m,7 km,"1,5 km","1,4 km",423 m,"1,3 km","1,7 km","8,2 km",882 m,903 m,111 m,137 m,"1,2 km",909 m,1.290.000 TL,Mülk Sahibi,Hayır,5.000 TL,100 TL,Doğu,,,,,,,,,,,,,
177,Ankara,Çankaya,Seyranbağları,0-40274576,08-05-2023,3 + 1,115 m2,2. Kat,35 Yaşında,Kombi,3 Katlı,Uygun,Eşyalı Değil,1,Betonarme,İkinci El,Kat Mülkiyeti,,Doğalgaz,,,,,,,,,,,,,,,,,,2.100.000 TL,Mülk Sahibi,Hayır,10.000 TL,75 TL,Doğu,,,,,,,,,,,,,
178,Ankara,Pursaklar,Fatih,20040-199,01-05-2023,3 + 1,125 m2,Giriş Katı,Sıfır Bina,Kombi,3 Katlı,Uygun,Eşyalı Değil,2,Betonarme,Sıfır,Kat Mülkiyeti,,Doğalgaz,Evet,"5,9 km",195 m,478 m,,"1,2 km","1,2 km",187 m,"1,5 km",9 km,"6,6 km",189 m,175 m,234 m,63 m,"6,2 km",180 m,1.950.000 TL,Boş,Hayır,,,"Güney, Doğu","10,7 km",,,,,,,,,,,,
179,Ankara,Pursaklar,Fatih,20040-214,02-05-2023,4 + 1,185 m2,2. Kat,10 Yaşında,Merkezi (Pay Ölçer),13 Katlı,Uygun,Eşyalı Değil,2,Betonarme,İkinci El,Kat Mülkiyeti,,Doğalgaz,Evet,"5,9 km",193 m,485 m,,"1,2 km","1,2 km",181 m,"1,5 km",9 km,"6,5 km",183 m,169 m,234 m,71 m,"6,2 km",178 m,2.950.000 TL,Boş,Evet,,,Doğu,"10,7 km",,,,,,,,,,,,
180,Ankara,Çankaya,Çayyolu,129032-179,08-05-2023,5 + 2,580 m2,,Sıfır Bina,Kombi,3 Katlı,Uygun,Eşyalı Değil,3,Betonarme,Sıfır,Kat Mülkiyeti,,,Evet,"1,8 km",303 m,"2,9 km","9,8 km",757 m,754 m,801 m,"1,5 km","4,7 km","2,5 km",121 m,121 m,517 m,518 m,"1,3 km",807 m,11.350.000 TL,Boş,Hayır,,,"Kuzey, Güney, Doğu, Batı",,,,,,,,,,,,,
181,Ankara,Keçiören,Karakaya,131302-480,04-05-2023,3 + 1,130 m2,3. Kat,5 Yaşında,Kombi,3 Katlı,Uygun,Eşyalı Değil,1,Betonarme,İkinci El,,,Doğalgaz,,"5,8 km",147 m,"1,4 km",,"4,3 km","1,8 km",232 m,"4,3 km",6 km,6 km,379 m,702 m,122 m,123 m,"3,8 km",79 m,1.649.000 TL,Boş,,,,,"14,7 km",,,,,,,,,,,,
182,Ankara,Mamak,Mutlu,63484-4529,11-04-2023,3 + 1,122 m2,3. Kat,16 Yaşında,Kombi,3 Katlı,Uygun,Eşyalı Değil,1,Betonarme,İkinci El,Kat Mülkiyeti,,Doğalgaz,Evet,"3,8 km",22 m,263 m,8 km,"1,3 km","1,3 km",229 m,"1,9 km","4,4 km","3,7 km",332 m,824 m,146 m,123 m,"2,9 km",303 m,1.530.000 TL,Boş,Hayır,,,"Güney, Doğu",,,,,,,,,,,,,
183,Ankara,Mamak,Karaağaç,63484-4540,29-04-2023,3 + 1,118 m2,1. Kat,8 Yaşında,Kombi,3 Katlı,Uygun,Eşyalı Değil,1,Betonarme,İkinci El,Kat Mülkiyeti,,Doğalgaz,Evet,,,,,,,,,,,,,,,,,1.280.000 TL,Boş,Hayır,,,"Güney, Doğu",,,,,,,,,,,,,
184,Ankara,Yenimahalle,Yeni Batı,89065-259,30-04-2023,4 + 1,170 m2,4. Kat,Sıfır Bina,Merkezi (Pay Ölçer),17 Katlı,Uygun,Eşyalı Değil,2,Betonarme,Sıfır,Kat Mülkiyeti,,Doğalgaz,Evet,,,,,,,,,,,,,,,,,3.990.000 TL,Boş,Evet,8.000 TL,,"Güney, Doğu",,,,,,,,,,,,,
185,Ankara,Etimesgut,Yeni Bağlıca,89065-232,05-03-2023,5 + 1,340 m2,,Sıfır Bina,Kombi,2 Katlı,Uygun,Eşyalı Değil,4,Betonarme,Sıfır,Kat Mülkiyeti,Evet (Site Adı Belirtilmemiş),Doğalgaz,Evet,"4,9 km",270 m,"4,8 km","15,4 km","4,6 km","5,4 km",683 m,"1,5 km","2,6 km","8,4 km",348 m,435 m,639 m,"1,1 km","3,9 km",812 m,13.000.000 TL,Boş,Evet,18.000 TL,250 TL,"Kuzey, Güney, Doğu, Batı",,,,,,,,,,,,,
186,Ankara,Yenimahalle,Yeni Batı,89065-121,04-05-2023,3 + 1,148 m2,,Sıfır Bina,Merkezi (Pay Ölçer),15 Katlı,Uygun değil,Eşyalı Değil,2,Betonarme,Sıfır,Kat İrtifakı,Evet (Site Adı Belirtilmemiş),Doğalgaz,Evet,2 km,174 m,"4,7 km","10,8 km","1,7 km","1,6 km","1,6 km","1,4 km","1,3 km","7,5 km",559 m,"1,1 km",771 m,34 m,"2,4 km",325 m,4.900.000 TL,Boş,Evet,3.000 TL,150 TL,"Kuzey, Güney, Doğu, Batı",,,,,,,,,,,,,
187,Ankara,Çankaya,Alacaatlı,1889-258,03-05-2023,4 + 1,220 m2,1. Kat,Sıfır Bina,Merkezi (Pay Ölçer),,Uygun,Eşyalı Değil,2,,,,,,,"4,3 km",8 m,"5,3 km","14,1 km","1,9 km","1,9 km",444 m,"2,6 km","4,4 km","5,4 km",65 m,70 m,730 m,104 m,"3,7 km",98 m,5.350.000 TL,,,,,,,,,,,,,,,,,,
188,Ankara,Çankaya,Alacaatlı,1889-277,03-05-2023,4 + 1,180 m2,1. Kat,2 Yaşında,Merkezi (Pay Ölçer),25 Katlı,Uygun,Eşyalı Değil,2,Betonarme,İkinci El,,ankalife prestij,Doğalgaz,Evet,,,,,,,,,,,,,,,,,5.850.000 TL,Mülk Sahibi,Hayır,,650 TL,,,,,,,,,,,,,,
189,Ankara,Keçiören,Ovacık,5116-877,27-04-2023,4 + 1,230 m2,3. Kat,2 Yaşında,Merkezi (Pay Ölçer),16 Katlı,Uygun,Eşyalı,2,Betonarme,İkinci El,Kat Mülkiyeti,,Doğalgaz,Evet,"3,2 km",84 m,"2,4 km",,"2,4 km","2,3 km",585 m,"2,3 km","1,9 km","3,3 km",276 m,316 m,887 m,718 m,697 m,890 m,6.249.000 TL,Mülk Sahibi,Evet,10.000 TL,350 TL,"Güney, Doğu, Batı","17,9 km",,,,,,,,,,,,
